username,password,forename,surname,sex,title,birthdate,town,county,postcode,phone_number,guardian_phone_number,email
Aneirin666,P@ssw0rd365,Gethin,Edwards,F,Mr,13/03/1965,Pentraeth,Conwy,LL77 3FL,09684539350,07284029863,gethin.edwards@example.com
Wyn891,P@ssw0rd121,Wyn,Ceredig,M,Mr,21/01/1973,Menai Bridge,Gwynedd,LL77 6RP,07537884511,07828221811,wyn.ceredig@example.com
Gethin345,P@ssw0rd223,Dyfan,Fychan,F,Ms,01/08/1971,Menai Bridge,Gwynedd,LL77 8CW,07491150729,08951903783,dyfan.fychan@example.com
Urien196,P@ssw0rd844,Ffion,Fychan,F,Mrs,04/01/1991,Llangefni,Conwy,LL77 2AL,07290717461,07517515722,ffion.fychan@example.com
Haf461,P@ssw0rd601,Mabon,Jenkins,F,Mr,07/11/1961,Gaerwen,Anglesey,LL77 3JR,09655639213,08578410992,mabon.jenkins@example.com
Cadell625,P@ssw0rd844,Cadell,Lloyd,F,Mrs,06/02/1966,Gaerwen,Anglesey,LL77 9SY,09672221865,08968754141,cadell.lloyd@example.com
Wyn356,P@ssw0rd285,Ffion,Edwards,M,Mrs,12/08/1998,Rhosneigr,Anglesey,LL77 7EE,09003778128,09419524939,ffion.edwards@example.com
Ynyr340,P@ssw0rd984,Llio,Stephens,F,Mrs,25/07/1992,Amlwch,Anglesey,LL77 6UC,09831095236,08997842657,llio.stephens@example.com
Gethin414,P@ssw0rd382,Ffion,Thomas,F,Ms,25/10/1991,Beaumaris,Anglesey,LL77 8NL,08188666066,07582012494,ffion.thomas@example.com
Nia799,P@ssw0rd925,Mabon,Jenkins,M,Mrs,10/08/1995,Llangefni,Gwynedd,LL77 6BA,07697332881,09069972562,mabon.jenkins@example.com
Zara736,P@ssw0rd390,Nia,Fychan,M,Ms,25/02/1967,Amlwch,Gwynedd,LL77 9PU,08336180811,08046583339,nia.fychan@example.com
Owain469,P@ssw0rd190,Haf,Edwards,M,Ms,06/11/1992,Holyhead,Gwynedd,LL77 9PA,09231114151,08181889290,haf.edwards@example.com
Llio557,P@ssw0rd241,Dyfan,Edwards,F,Mrs,21/10/1994,Benllech,Gwynedd,LL77 3UW,09173143122,09298431011,dyfan.edwards@example.com
Aneirin865,P@ssw0rd593,Branwen,Morgan,F,Mrs,25/03/1993,Beaumaris,Conwy,LL77 8YF,07061448044,09332944420,branwen.morgan@example.com
Branwen342,P@ssw0rd286,Branwen,Roberts,M,Mr,26/09/1981,Pentraeth,Conwy,LL77 3CN,09534367510,08719836836,branwen.roberts@example.com
Zara914,P@ssw0rd202,Dyfan,Morgan,F,Ms,03/12/1999,Pentraeth,Conwy,LL77 6YA,07718003178,08323247842,dyfan.morgan@example.com
Urien360,P@ssw0rd426,Nia,Neville,F,Ms,17/11/1967,Pentraeth,Anglesey,LL77 1YT,09965566737,07335402571,nia.neville@example.com
Eira881,P@ssw0rd476,Ffion,Owen,F,Ms,08/03/1981,Menai Bridge,Gwynedd,LL77 6AX,09781102814,09530947939,ffion.owen@example.com
Sioned480,P@ssw0rd803,Sioned,Price,M,Mrs,27/10/1966,Pentraeth,Anglesey,LL77 6NN,07444618997,07732516146,sioned.price@example.com
Eira717,P@ssw0rd601,Mabon,Price,M,Mr,15/11/1977,Menai Bridge,Anglesey,LL77 7JG,08572234039,09295681133,mabon.price@example.com
Urien138,P@ssw0rd175,Ffion,Owen,M,Mrs,09/01/1970,Rhosneigr,Gwynedd,LL77 4GL,08309105541,09782222605,ffion.owen@example.com
Ynyr480,P@ssw0rd558,Gethin,Ap Dafydd,F,Ms,26/09/1986,Pentraeth,Anglesey,LL77 3DB,07916317489,08508581078,gethin.ap dafydd@example.com
Llio253,P@ssw0rd812,Mabon,Khan,F,Ms,14/09/2000,Rhosneigr,Anglesey,LL77 9BW,08021959713,09064561667,mabon.khan@example.com
Aneirin683,P@ssw0rd203,Nia,Davies,M,Mrs,06/11/1965,Menai Bridge,Gwynedd,LL77 0XC,07905223271,07518432374,nia.davies@example.com
Zara642,P@ssw0rd219,Gethin,Iorwerth,F,Ms,07/05/1988,Gaerwen,Anglesey,LL77 3RY,09485769875,08292633969,gethin.iorwerth@example.com
Gethin547,P@ssw0rd198,Dyfan,Khan,F,Ms,24/12/1987,Holyhead,Gwynedd,LL77 4XG,09845664504,07432226629,dyfan.khan@example.com
Owain748,P@ssw0rd616,Tegan,Thomas,M,Mrs,04/07/1982,Llangefni,Anglesey,LL77 2TR,07060785324,07352792883,tegan.thomas@example.com
Wyn122,P@ssw0rd308,Urien,Griffiths,F,Mr,18/03/1994,Gaerwen,Anglesey,LL77 2GL,09772664183,09806926377,urien.griffiths@example.com
Gethin564,P@ssw0rd406,Urien,Roberts,M,Mrs,28/12/1975,Llangefni,Anglesey,LL77 4QU,09267580609,07970350234,urien.roberts@example.com
Llio238,P@ssw0rd267,Dyfan,Ceredig,F,Ms,25/08/1975,Holyhead,Conwy,LL77 3SD,07256179964,08941228843,dyfan.ceredig@example.com
Gethin653,P@ssw0rd923,Gethin,Jenkins,M,Ms,10/02/1973,Beaumaris,Anglesey,LL77 4QR,08834310017,09339733485,gethin.jenkins@example.com
Dyfan505,P@ssw0rd765,Haf,Edwards,M,Mrs,07/11/1984,Amlwch,Gwynedd,LL77 5JF,09158422769,09258430855,haf.edwards@example.com
Aneirin358,P@ssw0rd381,Zara,Howells,F,Mrs,19/06/1978,Benllech,Anglesey,LL77 4SX,09228565025,07368701643,zara.howells@example.com
Zara568,P@ssw0rd656,Urien,Bevan,F,Mrs,25/02/1990,Llangefni,Anglesey,LL77 4UA,08512784327,08799528151,urien.bevan@example.com
Llio136,P@ssw0rd713,Nia,Fychan,M,Mrs,02/07/1980,Menai Bridge,Conwy,LL77 3DU,08477746692,08738191444,nia.fychan@example.com
Aneirin799,P@ssw0rd720,Urien,Morgan,M,Ms,09/07/1968,Beaumaris,Gwynedd,LL77 1HT,07440448300,07573974099,urien.morgan@example.com
Tegan972,P@ssw0rd167,Mabon,Khan,F,Ms,08/02/1989,Benllech,Anglesey,LL77 2QY,07667447210,09625489534,mabon.khan@example.com
Rhian627,P@ssw0rd581,Branwen,Morgan,M,Mr,24/03/1963,Holyhead,Gwynedd,LL77 6JF,08508282423,09024151046,branwen.morgan@example.com
Aneirin196,P@ssw0rd785,Ynyr,Bevan,M,Mr,14/07/1967,Gaerwen,Anglesey,LL77 4AW,09301143328,08805769762,ynyr.bevan@example.com
Branwen768,P@ssw0rd494,Llio,Williams,M,Mrs,15/03/1979,Benllech,Conwy,LL77 3GN,09526523780,09313823288,llio.williams@example.com
Owain911,P@ssw0rd264,Mabon,Morgan,M,Mrs,15/06/1977,Menai Bridge,Conwy,LL77 9BC,08294511662,09860787472,mabon.morgan@example.com
Iestyn377,P@ssw0rd733,Dyfan,Ap Dafydd,M,Mr,09/01/1993,Beaumaris,Anglesey,LL77 4UC,09346313765,08210204332,dyfan.ap dafydd@example.com
Haf127,P@ssw0rd841,Aneirin,Williams,F,Mrs,11/02/1972,Beaumaris,Anglesey,LL77 7JD,09451428530,07399361803,aneirin.williams@example.com
Cadell142,P@ssw0rd906,Nia,Bevan,F,Mr,22/09/1967,Holyhead,Anglesey,LL77 2JE,09638029884,07643971941,nia.bevan@example.com
Aneirin826,P@ssw0rd187,Dyfan,Owen,F,Mr,24/03/1966,Llangefni,Conwy,LL77 4JN,09159486439,08700555794,dyfan.owen@example.com
Zara129,P@ssw0rd635,Zara,Neville,F,Ms,19/04/1968,Amlwch,Gwynedd,LL77 2JS,08640157827,07668104948,zara.neville@example.com
Branwen113,P@ssw0rd399,Branwen,Thomas,F,Mrs,25/11/1985,Benllech,Anglesey,LL77 5WB,07997025734,08087789043,branwen.thomas@example.com
Aneirin774,P@ssw0rd145,Rhian,Davies,M,Mr,01/01/1997,Pentraeth,Gwynedd,LL77 3CG,09230893578,07638863613,rhian.davies@example.com
Cadell382,P@ssw0rd488,Urien,Jenkins,M,Mr,24/07/1970,Beaumaris,Anglesey,LL77 0UQ,07477442208,07672257897,urien.jenkins@example.com
Aneirin557,P@ssw0rd856,Iestyn,Stephens,M,Mrs,23/07/1974,Holyhead,Gwynedd,LL77 2XC,08315152862,07168069952,iestyn.stephens@example.com
Owain493,P@ssw0rd705,Dyfan,Iorwerth,F,Ms,09/06/1961,Menai Bridge,Anglesey,LL77 1FW,09281875276,07339008656,dyfan.iorwerth@example.com
Owain345,P@ssw0rd357,Urien,Neville,M,Mr,13/10/1981,Benllech,Conwy,LL77 1WR,07785928264,08142763871,urien.neville@example.com
Ynyr297,P@ssw0rd260,Haf,Lloyd,F,Ms,03/07/1970,Benllech,Conwy,LL77 2HW,07093279275,09258421300,haf.lloyd@example.com
Haf924,P@ssw0rd130,Dyfan,Howells,M,Mrs,27/08/1999,Rhosneigr,Anglesey,LL77 6UR,07336677022,09638622198,dyfan.howells@example.com
Dyfan850,P@ssw0rd663,Llio,Roberts,F,Mr,19/09/1965,Holyhead,Conwy,LL77 2YS,07255315161,07014890459,llio.roberts@example.com
Ffion727,P@ssw0rd754,Urien,Fychan,M,Mr,11/03/1967,Holyhead,Gwynedd,LL77 1XB,07566468541,09896460002,urien.fychan@example.com
Dyfan402,P@ssw0rd706,Sioned,Bevan,M,Ms,06/06/1992,Rhosneigr,Conwy,LL77 0GE,09205169638,07086133591,sioned.bevan@example.com
Mabon966,P@ssw0rd567,Dyfan,Ap Dafydd,F,Ms,18/06/1987,Rhosneigr,Gwynedd,LL77 2PE,08060030841,09983840474,dyfan.ap dafydd@example.com
Rhian232,P@ssw0rd304,Wyn,Price,F,Mrs,01/08/1962,Pentraeth,Anglesey,LL77 6XU,08708597928,07630481714,wyn.price@example.com
Branwen986,P@ssw0rd543,Urien,Stephens,M,Mr,21/03/1961,Llangefni,Anglesey,LL77 9RY,07943842842,07372264218,urien.stephens@example.com
Tegan861,P@ssw0rd215,Urien,Howells,F,Mr,27/01/1961,Pentraeth,Gwynedd,LL77 6DN,07838704527,07784972427,urien.howells@example.com
Gethin200,P@ssw0rd262,Ynyr,Thomas,M,Mrs,09/01/1978,Pentraeth,Conwy,LL77 3TR,09262220302,09384406665,ynyr.thomas@example.com
Branwen316,P@ssw0rd914,Wyn,Neville,F,Mr,06/05/1978,Menai Bridge,Anglesey,LL77 3GS,09740008654,07610186734,wyn.neville@example.com
Llio218,P@ssw0rd987,Gethin,Ap Dafydd,F,Mrs,11/12/1999,Llangefni,Gwynedd,LL77 6WH,08323545358,09109216839,gethin.ap dafydd@example.com
Eira621,P@ssw0rd579,Llio,Ap Dafydd,M,Ms,14/11/1983,Menai Bridge,Conwy,LL77 8AY,09094983137,07818082469,llio.ap dafydd@example.com
Gethin298,P@ssw0rd399,Llio,Davies,M,Mrs,27/07/1994,Llangefni,Conwy,LL77 8YT,08768983841,07794783451,llio.davies@example.com
Rhian774,P@ssw0rd500,Tegan,Price,M,Ms,09/07/1984,Llanfairpwllgwyngyll,Gwynedd,LL77 5NB,08547894344,07106176752,tegan.price@example.com
Dyfan247,P@ssw0rd870,Tegan,Roberts,F,Ms,09/11/1981,Rhosneigr,Conwy,LL77 9CQ,07907294721,09075257204,tegan.roberts@example.com
Urien550,P@ssw0rd601,Nia,Thomas,F,Mr,09/09/1981,Llanfairpwllgwyngyll,Conwy,LL77 1GQ,09745586631,08407301223,nia.thomas@example.com
Sioned716,P@ssw0rd427,Gethin,Stephens,M,Ms,25/12/1973,Gaerwen,Conwy,LL77 3UC,07124900506,08436552023,gethin.stephens@example.com
Haf834,P@ssw0rd966,Nia,Stephens,F,Ms,14/09/1980,Benllech,Anglesey,LL77 7AP,09407214583,09541469292,nia.stephens@example.com
Gethin154,P@ssw0rd374,Sioned,Jenkins,M,Mrs,23/08/1962,Gaerwen,Gwynedd,LL77 6NX,09418288957,07778623800,sioned.jenkins@example.com
Branwen130,P@ssw0rd744,Dyfan,Roberts,F,Ms,06/07/1984,Llanfairpwllgwyngyll,Conwy,LL77 4JG,09814651009,09773723393,dyfan.roberts@example.com
Zara307,P@ssw0rd968,Haf,Lloyd,M,Mr,07/11/1967,Gaerwen,Gwynedd,LL77 1WY,07801422964,09913605126,haf.lloyd@example.com
Dyfan621,P@ssw0rd352,Haf,Roberts,F,Ms,25/08/1968,Rhosneigr,Gwynedd,LL77 7UB,08044804929,07079343150,haf.roberts@example.com
Eira357,P@ssw0rd549,Sioned,Ceredig,F,Mrs,28/04/1981,Llangefni,Gwynedd,LL77 2EF,08220526919,09810887071,sioned.ceredig@example.com
Cadell855,P@ssw0rd612,Wyn,Iorwerth,M,Mr,05/02/1967,Benllech,Conwy,LL77 1QA,08779903259,07247250822,wyn.iorwerth@example.com
Dyfan516,P@ssw0rd409,Cadell,Griffiths,F,Mrs,18/06/1997,Rhosneigr,Anglesey,LL77 5DF,08524313452,07068338859,cadell.griffiths@example.com
Dyfan297,P@ssw0rd936,Haf,Howells,F,Mr,09/02/1981,Gaerwen,Gwynedd,LL77 6LL,09146138236,09566171671,haf.howells@example.com
Nia966,P@ssw0rd542,Cadell,Owen,M,Mrs,22/02/1987,Holyhead,Conwy,LL77 9BL,07270095491,07571822093,cadell.owen@example.com
Zara923,P@ssw0rd379,Llio,Iorwerth,F,Ms,28/12/1976,Llanfairpwllgwyngyll,Conwy,LL77 3DP,07863723076,09606896171,llio.iorwerth@example.com
Mabon204,P@ssw0rd407,Ffion,Howells,M,Mr,15/10/1979,Rhosneigr,Anglesey,LL77 3GX,09778516562,08948740599,ffion.howells@example.com
Ffion581,P@ssw0rd108,Rhian,Iorwerth,M,Mrs,13/04/1976,Holyhead,Conwy,LL77 0YE,08746738734,07142139500,rhian.iorwerth@example.com
Zara775,P@ssw0rd368,Mabon,Ceredig,F,Mr,15/07/1996,Menai Bridge,Gwynedd,LL77 0NA,07895443838,08136966564,mabon.ceredig@example.com
Mabon490,P@ssw0rd880,Mabon,Bevan,M,Mr,27/08/1981,Llangefni,Anglesey,LL77 1BF,07607410308,08256412950,mabon.bevan@example.com
Haf474,P@ssw0rd185,Llio,Khan,F,Ms,15/08/1982,Benllech,Gwynedd,LL77 4EB,09845819659,09397478608,llio.khan@example.com
Haf449,P@ssw0rd471,Zara,Edwards,F,Mrs,19/11/1967,Gaerwen,Anglesey,LL77 5QH,08803921026,09183093818,zara.edwards@example.com
Nia364,P@ssw0rd250,Ffion,Edwards,M,Mrs,05/04/1995,Gaerwen,Anglesey,LL77 4PN,07943113582,08304032227,ffion.edwards@example.com
Ynyr521,P@ssw0rd359,Cadell,Edwards,M,Mr,07/03/1981,Rhosneigr,Gwynedd,LL77 6DU,07430900523,08431811240,cadell.edwards@example.com
Rhian816,P@ssw0rd893,Iestyn,Iorwerth,F,Mr,23/09/1963,Pentraeth,Anglesey,LL77 1BE,07956332355,09630500442,iestyn.iorwerth@example.com
Sioned751,P@ssw0rd389,Branwen,Jenkins,F,Ms,26/12/1964,Benllech,Anglesey,LL77 1NY,07781355337,09704359677,branwen.jenkins@example.com
Ynyr195,P@ssw0rd111,Branwen,Neville,F,Mr,24/01/1991,Llanfairpwllgwyngyll,Gwynedd,LL77 9TL,07816386586,09340811181,branwen.neville@example.com
Urien929,P@ssw0rd120,Wyn,Stephens,F,Mrs,10/09/1970,Benllech,Gwynedd,LL77 3YG,08663773422,07939798645,wyn.stephens@example.com
Zara338,P@ssw0rd732,Urien,Griffiths,F,Mr,26/01/1994,Llangefni,Conwy,LL77 5FQ,07688978854,07859079010,urien.griffiths@example.com
Eira125,P@ssw0rd535,Mabon,Neville,F,Ms,07/12/1984,Holyhead,Conwy,LL77 6SN,09596435605,08507887626,mabon.neville@example.com
Wyn639,P@ssw0rd424,Aneirin,Price,F,Mrs,06/12/1960,Gaerwen,Anglesey,LL77 8XW,08338059539,09641479785,aneirin.price@example.com
Rhian426,P@ssw0rd586,Gethin,Ap Dafydd,F,Ms,28/02/1985,Rhosneigr,Gwynedd,LL77 6YQ,07498326305,08309399171,gethin.ap dafydd@example.com
Aneirin908,P@ssw0rd556,Ffion,Lloyd,F,Mrs,26/04/1978,Menai Bridge,Anglesey,LL77 9SL,07561511754,07985596426,ffion.lloyd@example.com
Owain756,P@ssw0rd426,Zara,Neville,M,Ms,04/03/2000,Beaumaris,Anglesey,LL77 7AW,07181933360,08626761249,zara.neville@example.com
Sioned679,P@ssw0rd265,Urien,Neville,F,Mrs,01/04/1960,Holyhead,Conwy,LL77 0WF,08675227484,07904501602,urien.neville@example.com
Wyn202,P@ssw0rd991,Rhian,Williams,M,Mr,18/10/1999,Rhosneigr,Anglesey,LL77 9YS,08857247247,09444945510,rhian.williams@example.com
Urien817,P@ssw0rd677,Owain,Howells,M,Mrs,04/08/1977,Amlwch,Conwy,LL77 9TY,08116854245,08486434585,owain.howells@example.com
Zara513,P@ssw0rd240,Owain,Edwards,M,Mr,14/10/1973,Amlwch,Conwy,LL77 8WL,08840254860,09849345324,owain.edwards@example.com
Owain570,P@ssw0rd462,Gethin,Davies,M,Mr,22/01/1968,Pentraeth,Anglesey,LL77 0YT,08823585403,07531614679,gethin.davies@example.com
Gethin211,P@ssw0rd502,Wyn,Neville,F,Mrs,07/03/1971,Llanfairpwllgwyngyll,Gwynedd,LL77 0CU,07995903346,08411871677,wyn.neville@example.com
Cadell329,P@ssw0rd965,Aneirin,Edwards,F,Mrs,09/04/1987,Llangefni,Gwynedd,LL77 8GY,07958954814,09442201194,aneirin.edwards@example.com
Aneirin638,P@ssw0rd508,Wyn,Khan,M,Mrs,24/06/1984,Rhosneigr,Gwynedd,LL77 8WC,07240836433,09317295290,wyn.khan@example.com
Rhian843,P@ssw0rd412,Iestyn,Owen,M,Mr,21/07/1961,Holyhead,Conwy,LL77 6DU,09445061562,09171566049,iestyn.owen@example.com
Urien718,P@ssw0rd726,Urien,Edwards,M,Mrs,07/08/1968,Beaumaris,Anglesey,LL77 0GH,09769118867,09292048981,urien.edwards@example.com
Dyfan268,P@ssw0rd206,Mabon,Roberts,M,Mrs,23/04/1960,Llangefni,Conwy,LL77 4DX,07713929461,07369887572,mabon.roberts@example.com
Ynyr877,P@ssw0rd695,Cadell,Lloyd,M,Ms,01/08/1960,Pentraeth,Conwy,LL77 3LU,09631084924,09821192659,cadell.lloyd@example.com
Owain377,P@ssw0rd865,Dyfan,Williams,M,Ms,21/03/1979,Menai Bridge,Conwy,LL77 5QU,08800998449,09553670128,dyfan.williams@example.com
Haf686,P@ssw0rd277,Dyfan,Khan,F,Mr,18/01/1977,Llanfairpwllgwyngyll,Conwy,LL77 6WD,09191853340,09411023282,dyfan.khan@example.com
Sioned926,P@ssw0rd678,Dyfan,Stephens,M,Mr,19/03/1998,Pentraeth,Conwy,LL77 2BC,08892189856,07034938492,dyfan.stephens@example.com
Zara744,P@ssw0rd103,Nia,Bevan,M,Mr,19/07/1989,Gaerwen,Anglesey,LL77 9AS,07647031580,07407995846,nia.bevan@example.com
Sioned376,P@ssw0rd963,Urien,Khan,M,Ms,20/05/1967,Benllech,Conwy,LL77 7BP,07295875320,07646280245,urien.khan@example.com
Gethin830,P@ssw0rd518,Mabon,Price,F,Ms,03/03/1990,Menai Bridge,Anglesey,LL77 0NU,07148478276,07931037613,mabon.price@example.com
Gethin472,P@ssw0rd615,Sioned,Griffiths,F,Ms,09/10/1999,Holyhead,Gwynedd,LL77 9LU,08583765667,08172332671,sioned.griffiths@example.com
Ynyr539,P@ssw0rd869,Iestyn,Stephens,F,Mrs,28/07/1997,Benllech,Anglesey,LL77 5SC,09724829825,08902392872,iestyn.stephens@example.com
Dyfan827,P@ssw0rd587,Cadell,Morgan,F,Mr,18/03/1993,Benllech,Conwy,LL77 6PH,07493954055,09533314405,cadell.morgan@example.com
