forename,surname,sex,title,birthdate,town,county,postcode,phone_number,email
Bryn,Ceri,F,Dr,19/03/1992,Y Felinheli,Conwy,LL77 4IW,09995109975,bryn.ceri@example.com
Bryn,Ceri,F,Ms,10/08/1991,Valley,Anglesey,LL77 3DC,07590141544,bryn.ceri@example.com
Urien,Edwards,M,Mrs,03/08/1971,Benllech,Conwy,LL77 4BL,09225810512,urien.edwards@example.com
Huw,Yorath,F,Dr,12/04/1996,Valley,Conwy,LL77 8MH,09154010070,huw.yorath@example.com
Carys,Yorath,F,Mr,06/01/2000,Moelfre,Conwy,LL77 4AN,08362122575,carys.yorath@example.com
Llion,Lloyd,M,Dr,06/04/1981,Bodedern,Anglesey,LL77 3TK,07277954378,llion.lloyd@example.com
Llion,Jones,F,Mrs,06/12/1960,Valley,Anglesey,LL77 1HS,07098878777,llion.jones@example.com
Katie,Glyn,M,Ms,13/11/2000,Llanerchymedd,Conwy,LL77 8HR,08049862526,katie.glyn@example.com
Dafydd,Morgan,M,Mrs,05/11/1962,Benllech,Conwy,LL77 5BV,09608846219,dafydd.morgan@example.com
Megan,Walters,M,Dr,15/01/1961,Gaerwen,Anglesey,LL77 4MY,08749139575,megan.walters@example.com
Katie,Morgan,M,Dr,02/03/1975,Menai Bridge,Anglesey,LL77 1RY,08994247557,katie.morgan@example.com
Bryn,Jones,F,Mr,27/12/1989,Llandegfan,Gwynedd,LL77 7OJ,08772684637,bryn.jones@example.com
Megan,Williams,F,Mrs,23/05/1998,Trearddur Bay,Conwy,LL77 7PL,08992264628,megan.williams@example.com
Iwan,Hedd,F,Mrs,23/03/1990,Menai Bridge,Anglesey,LL77 1SL,09057511314,iwan.hedd@example.com
Tegan,Edwards,M,Mr,01/03/1993,Llanerchymedd,Conwy,LL77 9BC,07111670280,tegan.edwards@example.com
Bryn,Yorath,F,Ms,03/01/1965,Y Felinheli,Conwy,LL77 9JQ,07884449396,bryn.yorath@example.com
Gareth,Owen,M,Mr,06/12/1986,Y Felinheli,Gwynedd,LL77 3YJ,09883001360,gareth.owen@example.com
Wyn,Jones,M,Ms,05/09/1976,Y Felinheli,Conwy,LL77 5XM,07686696531,wyn.jones@example.com
Elin,Glyn,M,Ms,16/06/1983,Bodedern,Anglesey,LL77 9FW,08764623159,elin.glyn@example.com
Rhian,Thomas,M,Mr,07/10/1979,Cemaes,Gwynedd,LL77 6ZH,07191814818,rhian.thomas@example.com
Dafydd,Roberts,F,Ms,17/10/1980,Gaerwen,Anglesey,LL77 6HD,07382942771,dafydd.roberts@example.com
Iwan,Lloyd,M,Mr,19/05/1963,Rhosneigr,Anglesey,LL77 5CL,07538729632,iwan.lloyd@example.com
Urien,Price,M,Mr,16/09/1998,Benllech,Gwynedd,LL77 8KF,08221634819,urien.price@example.com
Elin,Edwards,F,Dr,12/03/1966,Y Felinheli,Conwy,LL77 3OG,08468905925,elin.edwards@example.com
Huw,Nia,F,Mr,04/03/1976,Gaerwen,Anglesey,LL77 5VY,07551641212,huw.nia@example.com
Bryn,Hedd,F,Dr,07/04/1996,Amlwch,Gwynedd,LL77 2ZL,09627343703,bryn.hedd@example.com
Urien,Nia,M,Mr,02/11/1972,Newborough,Gwynedd,LL77 7WG,07766958966,urien.nia@example.com
Elin,Rees,F,Ms,23/01/1965,Trearddur Bay,Gwynedd,LL77 9RI,09564700019,elin.rees@example.com
Dafydd,Idris,M,Dr,16/06/1998,Trearddur Bay,Gwynedd,LL77 4QS,07444916954,dafydd.idris@example.com
Ffion,Lloyd,F,Ms,02/03/1993,Bodedern,Gwynedd,LL77 4NR,09426682553,ffion.lloyd@example.com
Huw,Nia,F,Mrs,20/10/1969,Y Felinheli,Gwynedd,LL77 5HA,08426929939,huw.nia@example.com
Tegan,Morgan,M,Dr,13/06/1981,Llandegfan,Conwy,LL77 8XB,09577317964,tegan.morgan@example.com
Megan,Jones,F,Mr,01/03/1974,Holyhead,Anglesey,LL77 9YZ,08372614601,megan.jones@example.com
Gareth,Fychan,M,Mr,23/04/1968,Gaerwen,Gwynedd,LL77 6XP,09775747002,gareth.fychan@example.com
Aled,Ceri,F,Ms,20/09/1991,Benllech,Gwynedd,LL77 2FH,09694554830,aled.ceri@example.com
Owain,Edwards,F,Dr,27/12/1970,Llanerchymedd,Gwynedd,LL77 1TS,07780399580,owain.edwards@example.com
Sian,Fychan,F,Ms,27/11/1984,Rhosneigr,Gwynedd,LL77 1DJ,08974042201,sian.fychan@example.com
Carys,Walters,F,Dr,22/06/1989,Benllech,Anglesey,LL77 7IO,07083655283,carys.walters@example.com
Carys,Glyn,M,Dr,27/06/1964,Menai Bridge,Gwynedd,LL77 6TO,09187078484,carys.glyn@example.com
Ffion,Lloyd,F,Mrs,19/06/1962,Llanddona,Anglesey,LL77 1XI,09322719282,ffion.lloyd@example.com
Nia,Hedd,F,Dr,21/02/1993,Menai Bridge,Gwynedd,LL77 6YG,08953561018,nia.hedd@example.com
Nia,Lloyd,F,Mrs,06/12/2000,Trearddur Bay,Conwy,LL77 9FC,07509729056,nia.lloyd@example.com
Iwan,Bevan,F,Dr,09/07/1968,Moelfre,Conwy,LL77 8PK,08544763374,iwan.bevan@example.com
Bryn,Nia,M,Mr,16/04/1981,Trearddur Bay,Anglesey,LL77 8BE,08949354037,bryn.nia@example.com
Jade,Jones,M,Mrs,03/09/1983,Llanddona,Gwynedd,LL77 8JW,07212649795,jade.jones@example.com
Tegan,Jones,F,Dr,20/06/1984,Llandegfan,Conwy,LL77 4ES,07971438899,tegan.jones@example.com
Carys,Edwards,F,Dr,06/11/1991,Trearddur Bay,Conwy,LL77 3HU,09743462218,carys.edwards@example.com
Rhian,Morgan,F,Ms,03/12/1993,Llanerchymedd,Conwy,LL77 8PE,09760857961,rhian.morgan@example.com
Nia,Glyn,F,Ms,20/11/1971,Llanerchymedd,Gwynedd,LL77 8FI,09793572846,nia.glyn@example.com
Nia,Lloyd,F,Ms,17/07/1968,Llanerchymedd,Conwy,LL77 1HM,09866067741,nia.lloyd@example.com
Ffion,Hedd,F,Mr,13/03/1977,Cemaes,Conwy,LL77 4GO,08869338976,ffion.hedd@example.com
Wyn,Thomas,M,Mr,26/06/1961,Llanddona,Anglesey,LL77 5LM,07924857081,wyn.thomas@example.com
Megan,Morgan,F,Ms,26/12/1989,Llanfairpwllgwyngyll,Conwy,LL77 9GT,09744471556,megan.morgan@example.com
Urien,Williams,M,Dr,07/05/1962,Cemaes,Gwynedd,LL77 1PA,09319711194,urien.williams@example.com
Iwan,Davies,F,Dr,05/08/1964,Holyhead,Gwynedd,LL77 2FT,07427880093,iwan.davies@example.com
Rhian,Davies,F,Mr,24/02/1967,Gaerwen,Anglesey,LL77 3UX,07870117579,rhian.davies@example.com
Dafydd,Roberts,F,Mrs,28/03/1964,Cemaes,Anglesey,LL77 9VZ,07367566404,dafydd.roberts@example.com
Huw,Thomas,M,Mrs,26/09/1997,Pentraeth,Anglesey,LL77 6UT,08169818391,huw.thomas@example.com
Elin,Bevan,M,Dr,06/02/1962,Gaerwen,Conwy,LL77 8XT,07568839038,elin.bevan@example.com
Jade,Walters,F,Mr,12/12/1974,Y Felinheli,Conwy,LL77 9ZB,07476458507,jade.walters@example.com
Dafydd,Davies,F,Mr,21/11/1993,Llanerchymedd,Gwynedd,LL77 2FY,07429925628,dafydd.davies@example.com
Iwan,Lloyd,F,Dr,25/02/1989,Holyhead,Anglesey,LL77 1YO,07885050261,iwan.lloyd@example.com
Aled,Hedd,M,Ms,18/12/1991,Llanddona,Conwy,LL77 5YQ,09479311143,aled.hedd@example.com
Huw,Glyn,F,Mrs,15/08/1990,Moelfre,Anglesey,LL77 1DM,09123363076,huw.glyn@example.com
Elin,Lloyd,M,Mr,23/02/1996,Llanfairpwllgwyngyll,Anglesey,LL77 1OL,07149333977,elin.lloyd@example.com
Wyn,Hedd,M,Mrs,13/07/1994,Y Felinheli,Conwy,LL77 9GZ,08719893766,wyn.hedd@example.com
Huw,Morgan,M,Mr,21/07/1975,Llanddona,Conwy,LL77 3XS,07509162417,huw.morgan@example.com
Owain,Lloyd,M,Mrs,26/06/1967,Amlwch,Gwynedd,LL77 9XI,07658002618,owain.lloyd@example.com
Wyn,Davies,M,Dr,04/09/1995,Llanbadrig,Anglesey,LL77 6EH,07956429412,wyn.davies@example.com
Huw,Owen,F,Mr,24/04/2000,Gaerwen,Gwynedd,LL77 8FH,09631585230,huw.owen@example.com
Huw,Idris,F,Dr,15/09/1988,Llanddona,Conwy,LL77 8RR,07562539139,huw.idris@example.com
Nia,Hedd,M,Mrs,09/08/1967,Amlwch,Anglesey,LL77 9OZ,09717554299,nia.hedd@example.com
Dafydd,Idris,F,Mr,03/02/1996,Cemaes,Conwy,LL77 2NH,09311714847,dafydd.idris@example.com
Tegan,Fychan,M,Ms,14/04/1977,Holyhead,Gwynedd,LL77 1WG,07528328052,tegan.fychan@example.com
Elin,Fychan,F,Dr,05/07/1965,Llanbadrig,Conwy,LL77 2XC,09801364938,elin.fychan@example.com
Ffion,Bevan,F,Mrs,06/10/1960,Llanddona,Anglesey,LL77 2NV,08917180300,ffion.bevan@example.com
Huw,Jones,F,Dr,16/01/1974,Rhosneigr,Gwynedd,LL77 8CK,07129344165,huw.jones@example.com
Dafydd,Lloyd,F,Mrs,06/05/1987,Valley,Conwy,LL77 6VH,09622756658,dafydd.lloyd@example.com
Huw,Fychan,F,Dr,19/10/1997,Llandegfan,Anglesey,LL77 6FB,08348937012,huw.fychan@example.com
Bryn,Jones,M,Mrs,23/09/1999,Llanddona,Anglesey,LL77 3DM,07902588412,bryn.jones@example.com
Iwan,Idris,F,Mr,01/04/1965,Holyhead,Gwynedd,LL77 9KP,09078449494,iwan.idris@example.com
Wyn,Owen,M,Dr,02/10/1966,Llanfairpwllgwyngyll,Conwy,LL77 6YQ,07932935346,wyn.owen@example.com
Iwan,Glyn,M,Mr,14/03/1989,Menai Bridge,Anglesey,LL77 6SF,09306689765,iwan.glyn@example.com
Bryn,Bevan,M,Mr,19/10/1964,Rhosneigr,Conwy,LL77 3HV,09773699055,bryn.bevan@example.com
Llion,Williams,F,Mrs,12/10/1967,Cemaes,Conwy,LL77 4YB,09340818265,llion.williams@example.com
Jade,Idris,M,Dr,21/07/1987,Llanbadrig,Gwynedd,LL77 7SY,08942199646,jade.idris@example.com
Wyn,Lloyd,F,Ms,01/10/1976,Pentraeth,Conwy,LL77 6SZ,07644279684,wyn.lloyd@example.com
Owain,Morgan,M,Mr,13/04/1963,Gaerwen,Gwynedd,LL77 5NY,08272477990,owain.morgan@example.com
Ffion,Davies,F,Dr,06/05/1980,Benllech,Gwynedd,LL77 1UJ,07551027468,ffion.davies@example.com
Elin,Bevan,F,Mr,22/04/1973,Llanbadrig,Conwy,LL77 1NW,09787231506,elin.bevan@example.com
Nia,Williams,F,Dr,11/06/1960,Valley,Anglesey,LL77 2DR,09979518380,nia.williams@example.com
Ffion,Price,M,Dr,14/09/1995,Valley,Conwy,LL77 7DZ,08226578929,ffion.price@example.com
Llion,Walters,M,Mrs,09/02/2000,Llanerchymedd,Anglesey,LL77 9FX,07401399009,llion.walters@example.com
Llion,Glyn,M,Mrs,01/08/1971,Moelfre,Conwy,LL77 5JA,08902614723,llion.glyn@example.com
Wyn,Morgan,F,Mrs,19/01/1973,Gaerwen,Conwy,LL77 5FB,08964901244,wyn.morgan@example.com
Wyn,Roberts,M,Mrs,06/05/1963,Llandegfan,Anglesey,LL77 5EC,07419562355,wyn.roberts@example.com
Tegan,Williams,M,Mr,19/08/1978,Menai Bridge,Conwy,LL77 4TB,09380999756,tegan.williams@example.com
Megan,Ceri,M,Ms,02/02/1970,Llanerchymedd,Gwynedd,LL77 2SB,08718463682,megan.ceri@example.com
Ffion,Lloyd,M,Dr,05/09/1995,Llanfairpwllgwyngyll,Anglesey,LL77 4QE,08096642921,ffion.lloyd@example.com
Tegan,Rees,M,Dr,24/09/2000,Valley,Gwynedd,LL77 9OW,09791854743,tegan.rees@example.com
Owain,Morgan,M,Dr,10/11/1981,Llanbadrig,Anglesey,LL77 5WJ,09288113038,owain.morgan@example.com
Dafydd,Davies,M,Mrs,05/08/1998,Y Felinheli,Anglesey,LL77 6BL,09649849932,dafydd.davies@example.com
Sian,Walters,M,Ms,21/06/1970,Newborough,Gwynedd,LL77 1MU,09617756233,sian.walters@example.com
Llion,Jones,F,Ms,14/06/1977,Benllech,Anglesey,LL77 3UN,09661158230,llion.jones@example.com
Wyn,Williams,M,Dr,13/04/1980,Moelfre,Anglesey,LL77 4HH,09274427754,wyn.williams@example.com
Dafydd,Hedd,F,Ms,15/01/1965,Llandegfan,Conwy,LL77 4PX,09185074812,dafydd.hedd@example.com
Bryn,Lloyd,F,Dr,24/06/1964,Llanerchymedd,Conwy,LL77 1IY,08701654213,bryn.lloyd@example.com
Jade,Jones,M,Mr,22/09/1990,Menai Bridge,Anglesey,LL77 5KY,07081876217,jade.jones@example.com
Katie,Jones,M,Mr,12/02/1976,Cemaes,Gwynedd,LL77 8LG,07560839249,katie.jones@example.com
Jade,Fychan,M,Mrs,19/01/1968,Llanfairpwllgwyngyll,Gwynedd,LL77 9PT,09865961919,jade.fychan@example.com
Gareth,Bevan,M,Mrs,18/12/1974,Newborough,Conwy,LL77 6AU,09858466543,gareth.bevan@example.com
Jade,Rees,M,Mrs,26/07/1986,Amlwch,Anglesey,LL77 6NN,09190821870,jade.rees@example.com
Urien,Owen,M,Dr,26/12/1963,Moelfre,Conwy,LL77 3TR,09677831854,urien.owen@example.com
Wyn,Bevan,F,Mr,14/09/1965,Llandegfan,Conwy,LL77 7KV,07689478280,wyn.bevan@example.com
Megan,Roberts,F,Ms,23/09/1996,Bodedern,Gwynedd,LL77 6JL,07547125748,megan.roberts@example.com
Huw,Jones,F,Mr,22/07/1991,Llanfairpwllgwyngyll,Gwynedd,LL77 9TX,09386230030,huw.jones@example.com
Aled,Owen,F,Dr,27/08/1962,Llandegfan,Gwynedd,LL77 5DW,09551856823,aled.owen@example.com
Jade,Morgan,M,Dr,17/12/1966,Gaerwen,Anglesey,LL77 2OC,08252232368,jade.morgan@example.com
Gareth,Roberts,M,Mr,23/08/1991,Beaumaris,Anglesey,LL77 3LB,07168445408,gareth.roberts@example.com
Nia,Fychan,F,Mrs,08/03/1983,Gaerwen,Conwy,LL77 7JV,07727102684,nia.fychan@example.com
Megan,Idris,F,Mrs,20/02/1961,Llanbadrig,Conwy,LL77 7JH,09847590246,megan.idris@example.com
Aled,Hedd,F,Dr,15/01/1999,Y Felinheli,Conwy,LL77 4QV,07521444009,aled.hedd@example.com
Llion,Nia,F,Ms,21/06/1986,Holyhead,Gwynedd,LL77 7GT,09895687583,llion.nia@example.com
Wyn,Thomas,F,Ms,02/05/1982,Llanddona,Conwy,LL77 5NB,09169762780,wyn.thomas@example.com
Nia,Morgan,F,Mrs,26/04/1988,Trearddur Bay,Anglesey,LL77 5YB,07042056761,nia.morgan@example.com
Ffion,Williams,M,Ms,20/01/1960,Llandegfan,Anglesey,LL77 1BQ,07584489401,ffion.williams@example.com
Carys,Hedd,F,Mrs,10/03/1987,Menai Bridge,Anglesey,LL77 3CT,09499498608,carys.hedd@example.com
Rhian,Morgan,F,Ms,19/10/1976,Trearddur Bay,Anglesey,LL77 1YF,09997621369,rhian.morgan@example.com
Tegan,Fychan,M,Ms,14/11/1974,Beaumaris,Gwynedd,LL77 8LL,07868927167,tegan.fychan@example.com
Rhian,Rees,M,Mr,16/01/1960,Beaumaris,Conwy,LL77 3QD,07142900355,rhian.rees@example.com
Elin,Thomas,F,Mrs,22/09/1999,Llanbadrig,Anglesey,LL77 2AN,08348417514,elin.thomas@example.com
Dafydd,Yorath,M,Mr,13/08/1995,Benllech,Anglesey,LL77 6YG,07752421382,dafydd.yorath@example.com
Aled,Fychan,F,Dr,23/08/1990,Trearddur Bay,Anglesey,LL77 2GD,09996550855,aled.fychan@example.com
Bryn,Rees,F,Mr,01/04/1961,Cemaes,Conwy,LL77 5DI,09618089916,bryn.rees@example.com
Elin,Edwards,M,Mr,20/06/1994,Pentraeth,Conwy,LL77 6QM,09376490523,elin.edwards@example.com
Sian,Edwards,M,Mr,13/10/1983,Valley,Gwynedd,LL77 6TJ,07348874888,sian.edwards@example.com
Jade,Lloyd,F,Ms,03/09/1995,Llanerchymedd,Anglesey,LL77 2AM,09703819306,jade.lloyd@example.com
Gareth,Davies,F,Mr,12/05/1997,Bodedern,Gwynedd,LL77 7ZX,08661362694,gareth.davies@example.com
Urien,Jones,F,Dr,08/06/1974,Llanbadrig,Gwynedd,LL77 2RN,07849747474,urien.jones@example.com
Huw,Ceri,M,Dr,23/03/2000,Llanfairpwllgwyngyll,Gwynedd,LL77 5SI,09133420712,huw.ceri@example.com
Gareth,Idris,M,Dr,10/09/2000,Bodedern,Gwynedd,LL77 6MV,09254580317,gareth.idris@example.com
Wyn,Edwards,F,Ms,06/01/1979,Llandegfan,Gwynedd,LL77 5SP,07574362602,wyn.edwards@example.com
Jade,Yorath,F,Mrs,18/04/1985,Bodedern,Anglesey,LL77 3TA,08753865992,jade.yorath@example.com
Dafydd,Yorath,F,Dr,25/11/1973,Llanerchymedd,Gwynedd,LL77 3WO,09344877623,dafydd.yorath@example.com
Owain,Walters,F,Ms,01/04/1987,Gaerwen,Anglesey,LL77 9WF,09342043911,owain.walters@example.com
Megan,Davies,M,Ms,14/03/1978,Llandegfan,Anglesey,LL77 5LE,09263223722,megan.davies@example.com
Iwan,Idris,M,Dr,09/10/1999,Benllech,Conwy,LL77 4LX,08885906996,iwan.idris@example.com
Sian,Roberts,M,Ms,03/08/1996,Llanfairpwllgwyngyll,Conwy,LL77 5QD,08129971970,sian.roberts@example.com
Aled,Owen,F,Mr,06/03/1992,Rhosneigr,Anglesey,LL77 1FR,08843096548,aled.owen@example.com
Katie,Walters,M,Mrs,16/01/1989,Bodedern,Anglesey,LL77 7YG,07189037616,katie.walters@example.com
Aled,Yorath,F,Dr,17/10/1961,Llanfairpwllgwyngyll,Anglesey,LL77 6VK,09551175840,aled.yorath@example.com
Elin,Roberts,M,Dr,22/04/1972,Cemaes,Anglesey,LL77 6WO,07859283210,elin.roberts@example.com
Iwan,Morgan,M,Mrs,12/04/1965,Rhosneigr,Anglesey,LL77 2VA,09915954975,iwan.morgan@example.com
Tegan,Williams,F,Mrs,27/10/1996,Cemaes,Anglesey,LL77 7AK,07890308807,tegan.williams@example.com
Ffion,Hedd,M,Ms,18/07/1971,Menai Bridge,Conwy,LL77 5UZ,08440865102,ffion.hedd@example.com
Huw,Morgan,M,Dr,16/08/1973,Amlwch,Anglesey,LL77 3FF,07189488030,huw.morgan@example.com
Jade,Fychan,M,Mrs,28/11/1974,Y Felinheli,Anglesey,LL77 1JD,09921476100,jade.fychan@example.com
Ffion,Nia,F,Mrs,03/05/1975,Llanfairpwllgwyngyll,Anglesey,LL77 4CQ,07887529039,ffion.nia@example.com
Aled,Morgan,M,Mr,11/10/1980,Llandegfan,Anglesey,LL77 7PX,08249141491,aled.morgan@example.com
Carys,Edwards,F,Mrs,10/03/1978,Moelfre,Conwy,LL77 7XE,07207608628,carys.edwards@example.com
Tegan,Bevan,F,Mrs,27/09/1979,Trearddur Bay,Conwy,LL77 8SA,09576954573,tegan.bevan@example.com
Wyn,Glyn,M,Dr,07/10/1976,Beaumaris,Anglesey,LL77 1IX,07272858461,wyn.glyn@example.com
Nia,Thomas,M,Mrs,05/03/1986,Benllech,Conwy,LL77 1YT,08516646446,nia.thomas@example.com
Jade,Bevan,F,Mrs,11/06/1973,Pentraeth,Conwy,LL77 6AH,09184198325,jade.bevan@example.com
Owain,Williams,M,Mrs,03/03/1975,Rhosneigr,Conwy,LL77 6RT,08908279617,owain.williams@example.com
Elin,Nia,M,Mr,27/03/1979,Beaumaris,Anglesey,LL77 4SL,08289297483,elin.nia@example.com
Megan,Jones,F,Mr,12/11/1991,Llanerchymedd,Anglesey,LL77 9OV,07900708729,megan.jones@example.com
Iwan,Roberts,M,Ms,11/07/1969,Rhosneigr,Gwynedd,LL77 2NP,08200643807,iwan.roberts@example.com
Dafydd,Nia,M,Dr,25/04/1995,Pentraeth,Anglesey,LL77 9UX,08795337823,dafydd.nia@example.com
Rhian,Ceri,M,Mr,13/01/1991,Moelfre,Conwy,LL77 9ZY,09371066330,rhian.ceri@example.com
Elin,Williams,F,Ms,17/04/1996,Rhosneigr,Anglesey,LL77 8SB,07071514091,elin.williams@example.com
Megan,Bevan,M,Mrs,25/09/1982,Y Felinheli,Gwynedd,LL77 3IT,08943817686,megan.bevan@example.com
Gareth,Owen,F,Mr,17/08/1990,Y Felinheli,Anglesey,LL77 2CE,09400490675,gareth.owen@example.com
Ffion,Ceri,F,Mr,22/12/1969,Rhosneigr,Anglesey,LL77 3LP,08324924518,ffion.ceri@example.com
Sian,Owen,F,Mr,04/06/1971,Llanddona,Gwynedd,LL77 2CF,08784864210,sian.owen@example.com
Aled,Price,M,Mr,15/08/2000,Beaumaris,Anglesey,LL77 2XE,09370331576,aled.price@example.com
Iwan,Yorath,F,Mrs,14/07/1987,Menai Bridge,Gwynedd,LL77 2NB,08384754615,iwan.yorath@example.com
Jade,Davies,M,Mrs,21/08/1989,Llanddona,Conwy,LL77 7BW,08054174025,jade.davies@example.com
Megan,Rees,M,Mr,07/12/1990,Menai Bridge,Anglesey,LL77 4HC,07306514678,megan.rees@example.com
Rhian,Nia,M,Mr,06/09/1985,Llandegfan,Conwy,LL77 6YL,07908401930,rhian.nia@example.com
Nia,Edwards,M,Ms,04/10/1997,Bodedern,Conwy,LL77 3JW,09160247793,nia.edwards@example.com
Urien,Nia,M,Dr,14/08/1962,Bodedern,Conwy,LL77 2ES,09189005230,urien.nia@example.com
Gareth,Williams,F,Mr,12/02/1986,Llanfairpwllgwyngyll,Anglesey,LL77 4NG,09657270917,gareth.williams@example.com
Gareth,Yorath,F,Mr,12/07/1988,Pentraeth,Conwy,LL77 2NY,08392918371,gareth.yorath@example.com
Aled,Owen,F,Mrs,06/01/1963,Amlwch,Gwynedd,LL77 5GE,08107979121,aled.owen@example.com
Rhian,Rees,F,Dr,09/05/1969,Holyhead,Anglesey,LL77 8TG,07797846794,rhian.rees@example.com
Wyn,Morgan,F,Mrs,09/02/1970,Llandegfan,Gwynedd,LL77 4JB,09566135726,wyn.morgan@example.com
Sian,Hedd,M,Mr,24/04/1982,Llandegfan,Conwy,LL77 2IP,07913330598,sian.hedd@example.com
Aled,Idris,F,Dr,24/02/1963,Cemaes,Conwy,LL77 9WD,07658936475,aled.idris@example.com
Sian,Owen,M,Dr,03/10/1961,Beaumaris,Anglesey,LL77 2XP,07973631747,sian.owen@example.com
Dafydd,Lloyd,F,Mr,02/09/1992,Llandegfan,Anglesey,LL77 7GN,08097034237,dafydd.lloyd@example.com
Owain,Idris,M,Dr,28/01/1987,Newborough,Conwy,LL77 5GE,08019358930,owain.idris@example.com
Dafydd,Idris,M,Mr,19/07/1983,Bodedern,Gwynedd,LL77 9OT,08265756365,dafydd.idris@example.com
Iwan,Fychan,F,Mrs,18/03/1975,Moelfre,Anglesey,LL77 4GR,07402716566,iwan.fychan@example.com
Gareth,Fychan,F,Mrs,07/06/1997,Llanerchymedd,Gwynedd,LL77 9SY,09348120825,gareth.fychan@example.com
Bryn,Jones,M,Dr,11/10/1991,Moelfre,Conwy,LL77 3WF,07477157004,bryn.jones@example.com
Llion,Bevan,F,Ms,13/10/2000,Amlwch,Anglesey,LL77 9BE,07227814714,llion.bevan@example.com
Tegan,Edwards,F,Dr,14/05/1997,Rhosneigr,Conwy,LL77 2AF,07658478563,tegan.edwards@example.com
Tegan,Walters,F,Ms,13/09/1994,Menai Bridge,Anglesey,LL77 5HH,07466893264,tegan.walters@example.com
Llion,Lloyd,M,Ms,18/11/1997,Beaumaris,Conwy,LL77 5SY,07636248805,llion.lloyd@example.com
Carys,Hedd,M,Mrs,12/10/1975,Moelfre,Anglesey,LL77 2ON,08321966571,carys.hedd@example.com
Owain,Hedd,M,Dr,02/06/1995,Cemaes,Gwynedd,LL77 1CN,08292857651,owain.hedd@example.com
Bryn,Roberts,M,Mrs,07/11/1963,Llanddona,Gwynedd,LL77 5DB,09793466287,bryn.roberts@example.com
Nia,Morgan,F,Ms,19/08/1964,Amlwch,Gwynedd,LL77 4IU,08244918675,nia.morgan@example.com
Elin,Walters,M,Ms,12/09/1969,Bodedern,Anglesey,LL77 9CI,07387175039,elin.walters@example.com
Dafydd,Rees,F,Ms,04/03/1975,Rhosneigr,Anglesey,LL77 4QJ,08234849678,dafydd.rees@example.com
Owain,Price,F,Dr,15/01/1969,Llanerchymedd,Gwynedd,LL77 2WL,08795605621,owain.price@example.com
Bryn,Davies,F,Mrs,15/09/1985,Y Felinheli,Conwy,LL77 5HY,07395243534,bryn.davies@example.com
Katie,Lloyd,F,Dr,02/03/1972,Menai Bridge,Anglesey,LL77 2ZZ,07932963312,katie.lloyd@example.com
Huw,Bevan,F,Dr,26/12/1996,Pentraeth,Conwy,LL77 2OK,08554471592,huw.bevan@example.com
Carys,Idris,M,Dr,19/03/1964,Benllech,Anglesey,LL77 2US,08950754856,carys.idris@example.com
Urien,Edwards,F,Dr,28/03/1964,Moelfre,Conwy,LL77 3EJ,07081855376,urien.edwards@example.com
Aled,Roberts,F,Dr,11/05/1981,Llanfairpwllgwyngyll,Conwy,LL77 6FI,09677419151,aled.roberts@example.com
Carys,Yorath,F,Mrs,03/03/1991,Amlwch,Anglesey,LL77 7FN,07777068569,carys.yorath@example.com
Gareth,Price,M,Mr,13/01/1973,Menai Bridge,Conwy,LL77 6KY,07354217511,gareth.price@example.com
Rhian,Rees,F,Mrs,02/05/1975,Llanddona,Gwynedd,LL77 6ZO,09479568964,rhian.rees@example.com
Iwan,Nia,F,Mr,06/04/1984,Bodedern,Anglesey,LL77 8IL,07456901933,iwan.nia@example.com
Tegan,Roberts,F,Mr,01/06/1979,Y Felinheli,Anglesey,LL77 6VY,09186590725,tegan.roberts@example.com
Megan,Davies,M,Mr,25/09/1992,Menai Bridge,Anglesey,LL77 9UD,07829472498,megan.davies@example.com
Rhian,Yorath,M,Ms,25/07/1962,Llanfairpwllgwyngyll,Conwy,LL77 9ZX,08808266360,rhian.yorath@example.com
Gareth,Yorath,M,Mr,21/12/1971,Amlwch,Anglesey,LL77 7GO,07000244919,gareth.yorath@example.com
Tegan,Yorath,M,Dr,20/12/1978,Beaumaris,Anglesey,LL77 6VK,09667720135,tegan.yorath@example.com
Aled,Owen,F,Mrs,13/09/1978,Rhosneigr,Gwynedd,LL77 4OS,07810571208,aled.owen@example.com
Wyn,Nia,M,Mrs,16/12/1973,Y Felinheli,Conwy,LL77 4AH,08957157918,wyn.nia@example.com
Elin,Rees,M,Mrs,23/08/1980,Cemaes,Conwy,LL77 9AA,09090258119,elin.rees@example.com
Elin,Nia,F,Dr,09/08/1964,Rhosneigr,Anglesey,LL77 4LO,09363601771,elin.nia@example.com
Carys,Lloyd,M,Mrs,16/10/1989,Llanerchymedd,Anglesey,LL77 7YW,07903302803,carys.lloyd@example.com
Aled,Hedd,M,Ms,13/09/2000,Bodedern,Gwynedd,LL77 4TR,08191381320,aled.hedd@example.com
Llion,Lloyd,F,Ms,10/04/1990,Llandegfan,Gwynedd,LL77 6LR,09699108322,llion.lloyd@example.com
Llion,Lloyd,F,Mrs,01/08/1983,Llanddona,Anglesey,LL77 8CA,09963721159,llion.lloyd@example.com
Huw,Idris,M,Ms,20/10/1992,Valley,Conwy,LL77 5OX,07396690692,huw.idris@example.com
Wyn,Ceri,F,Ms,19/11/1973,Gaerwen,Conwy,LL77 1IM,09775145496,wyn.ceri@example.com
Iwan,Thomas,M,Mrs,28/11/1995,Amlwch,Conwy,LL77 3WW,09716353278,iwan.thomas@example.com
Rhian,Ceri,M,Dr,21/10/1984,Rhosneigr,Anglesey,LL77 5EC,08732108106,rhian.ceri@example.com
Bryn,Morgan,M,Dr,01/02/1965,Llandegfan,Conwy,LL77 2IL,09432836086,bryn.morgan@example.com
Urien,Williams,F,Ms,24/08/1985,Llandegfan,Conwy,LL77 5PP,07617789908,urien.williams@example.com
Iwan,Rees,F,Ms,25/11/1983,Amlwch,Gwynedd,LL77 1YE,08380718402,iwan.rees@example.com
Sian,Yorath,F,Ms,22/03/1990,Llanddona,Anglesey,LL77 7HA,09581634434,sian.yorath@example.com
Wyn,Hedd,M,Dr,27/03/2000,Moelfre,Conwy,LL77 5RL,08445608684,wyn.hedd@example.com
Aled,Ceri,F,Ms,16/07/1981,Pentraeth,Gwynedd,LL77 2VA,09238355149,aled.ceri@example.com
Tegan,Bevan,M,Ms,03/05/1967,Pentraeth,Conwy,LL77 3CK,07936095171,tegan.bevan@example.com
Llion,Edwards,F,Mrs,06/09/1982,Llandegfan,Anglesey,LL77 4WX,09637392375,llion.edwards@example.com
Dafydd,Davies,M,Ms,02/12/1972,Menai Bridge,Anglesey,LL77 9IK,08749413355,dafydd.davies@example.com
Katie,Nia,M,Mr,15/10/1995,Llanddona,Anglesey,LL77 7ET,07345796553,katie.nia@example.com
Aled,Glyn,F,Mrs,17/03/1970,Holyhead,Anglesey,LL77 4BZ,09172747935,aled.glyn@example.com
Elin,Nia,M,Ms,03/12/1982,Y Felinheli,Anglesey,LL77 5FA,07863134368,elin.nia@example.com
Tegan,Ceri,M,Mr,25/08/1974,Llanerchymedd,Conwy,LL77 5RP,08478010922,tegan.ceri@example.com
Bryn,Hedd,M,Mrs,14/12/1993,Benllech,Gwynedd,LL77 8LU,07613286013,bryn.hedd@example.com
Aled,Glyn,F,Mr,12/03/1988,Rhosneigr,Conwy,LL77 3PX,07694826992,aled.glyn@example.com
Bryn,Jones,M,Dr,28/11/1961,Llandegfan,Conwy,LL77 4ZR,09094194962,bryn.jones@example.com
Dafydd,Roberts,F,Ms,15/01/1966,Beaumaris,Gwynedd,LL77 7TC,08418081090,dafydd.roberts@example.com
Dafydd,Walters,M,Mr,03/12/1972,Llanfairpwllgwyngyll,Anglesey,LL77 2ZN,08170119494,dafydd.walters@example.com
Jade,Jones,M,Mrs,05/09/1984,Pentraeth,Gwynedd,LL77 4ET,09031693438,jade.jones@example.com
Iwan,Owen,M,Dr,07/03/1989,Llandegfan,Anglesey,LL77 3CT,08911770923,iwan.owen@example.com
Rhian,Morgan,F,Mrs,03/12/1998,Cemaes,Conwy,LL77 7YU,08234205429,rhian.morgan@example.com
Gareth,Lloyd,F,Ms,23/02/1977,Moelfre,Gwynedd,LL77 6LY,08655188653,gareth.lloyd@example.com
Iwan,Walters,F,Ms,25/07/1985,Holyhead,Conwy,LL77 6YT,08349339159,iwan.walters@example.com
Sian,Morgan,M,Mr,09/03/1971,Bodedern,Anglesey,LL77 8JQ,07473452475,sian.morgan@example.com
Elin,Price,M,Ms,08/08/1977,Bodedern,Conwy,LL77 2WH,08178624125,elin.price@example.com
Sian,Yorath,M,Mr,01/12/1960,Llanbadrig,Anglesey,LL77 5OG,08707361639,sian.yorath@example.com
Iwan,Williams,F,Dr,16/11/1980,Y Felinheli,Anglesey,LL77 3GV,07540232073,iwan.williams@example.com
Ffion,Bevan,M,Mr,09/06/1990,Menai Bridge,Gwynedd,LL77 9VV,07702799236,ffion.bevan@example.com
Nia,Davies,M,Mrs,23/02/1998,Llanerchymedd,Anglesey,LL77 9RG,09506950378,nia.davies@example.com
Tegan,Williams,F,Mrs,05/03/1973,Llanbadrig,Gwynedd,LL77 3IQ,08496484070,tegan.williams@example.com
Iwan,Lloyd,F,Dr,27/09/1988,Pentraeth,Gwynedd,LL77 2CV,09216059650,iwan.lloyd@example.com
Dafydd,Price,M,Mr,11/05/1966,Trearddur Bay,Anglesey,LL77 5BT,08044587690,dafydd.price@example.com
Dafydd,Hedd,M,Ms,11/08/1983,Rhosneigr,Gwynedd,LL77 3DC,08682770490,dafydd.hedd@example.com
Megan,Davies,M,Mrs,23/01/1960,Gaerwen,Conwy,LL77 7BR,09123956120,megan.davies@example.com
Gareth,Ceri,F,Dr,11/06/1999,Benllech,Gwynedd,LL77 6BS,08049017248,gareth.ceri@example.com
Huw,Edwards,M,Mr,21/10/1972,Llanddona,Conwy,LL77 6WZ,07403384323,huw.edwards@example.com
Jade,Jones,F,Dr,21/03/1968,Llanddona,Gwynedd,LL77 2QR,08373643153,jade.jones@example.com
Dafydd,Rees,F,Mr,02/02/1985,Beaumaris,Gwynedd,LL77 5EF,08445310847,dafydd.rees@example.com
Owain,Owen,F,Dr,22/07/1998,Trearddur Bay,Anglesey,LL77 2NP,09396184588,owain.owen@example.com
Nia,Lloyd,M,Ms,13/03/1986,Cemaes,Anglesey,LL77 9HO,08349625265,nia.lloyd@example.com
Elin,Edwards,F,Ms,09/02/1983,Trearddur Bay,Gwynedd,LL77 1WX,08661443159,elin.edwards@example.com
Sian,Jones,F,Mr,21/01/1994,Newborough,Conwy,LL77 8IS,07181940456,sian.jones@example.com
Gareth,Thomas,F,Mr,25/07/1992,Pentraeth,Gwynedd,LL77 5DG,07219922488,gareth.thomas@example.com
Ffion,Glyn,M,Mr,21/03/1965,Llandegfan,Anglesey,LL77 8ZZ,07491147683,ffion.glyn@example.com
Llion,Bevan,M,Mr,27/10/1998,Valley,Conwy,LL77 9YS,09348051939,llion.bevan@example.com
Sian,Glyn,M,Dr,22/02/1970,Trearddur Bay,Conwy,LL77 5VM,08318465056,sian.glyn@example.com
Urien,Davies,F,Mr,24/06/1970,Valley,Conwy,LL77 4CP,08892545400,urien.davies@example.com
Gareth,Jones,F,Dr,02/06/1994,Benllech,Anglesey,LL77 2SO,09628270608,gareth.jones@example.com
Megan,Ceri,F,Dr,09/04/1963,Bodedern,Gwynedd,LL77 3AL,07073217318,megan.ceri@example.com
Katie,Jones,M,Ms,21/10/1983,Bodedern,Anglesey,LL77 4CN,08198831764,katie.jones@example.com
Katie,Nia,F,Ms,14/01/1981,Newborough,Gwynedd,LL77 7YA,09184037269,katie.nia@example.com
Elin,Roberts,M,Ms,27/09/1963,Cemaes,Anglesey,LL77 6IB,08692452147,elin.roberts@example.com
Wyn,Bevan,M,Mrs,25/08/1997,Cemaes,Anglesey,LL77 4IF,08426033440,wyn.bevan@example.com
Bryn,Nia,M,Mr,20/10/1987,Amlwch,Conwy,LL77 8ZL,07190658288,bryn.nia@example.com
Megan,Hedd,M,Ms,03/02/1985,Bodedern,Conwy,LL77 6US,08262806684,megan.hedd@example.com
Nia,Owen,F,Mr,20/10/1970,Gaerwen,Gwynedd,LL77 7VW,09708668033,nia.owen@example.com
Dafydd,Ceri,F,Mr,20/10/1997,Beaumaris,Gwynedd,LL77 7VG,07873693013,dafydd.ceri@example.com
Nia,Glyn,M,Mrs,02/10/1965,Moelfre,Gwynedd,LL77 7HS,08278943133,nia.glyn@example.com
Gareth,Edwards,F,Mrs,27/12/1978,Beaumaris,Conwy,LL77 9GS,07091843319,gareth.edwards@example.com
Gareth,Bevan,F,Ms,13/06/1963,Llanerchymedd,Conwy,LL77 6UZ,09367122957,gareth.bevan@example.com
Ffion,Davies,M,Dr,08/12/1979,Llanfairpwllgwyngyll,Gwynedd,LL77 6CK,07177580008,ffion.davies@example.com
Jade,Jones,F,Mrs,15/11/1988,Menai Bridge,Conwy,LL77 7XL,07718946481,jade.jones@example.com
Urien,Davies,F,Ms,26/03/1978,Gaerwen,Gwynedd,LL77 1RU,09907597919,urien.davies@example.com
Gareth,Williams,F,Ms,22/06/1991,Moelfre,Gwynedd,LL77 2SG,09282252702,gareth.williams@example.com
Carys,Walters,M,Dr,24/04/1973,Llanddona,Anglesey,LL77 9XV,09822883139,carys.walters@example.com
Carys,Owen,F,Mr,09/04/1962,Valley,Gwynedd,LL77 3PD,08992956796,carys.owen@example.com
Huw,Fychan,F,Mrs,12/05/1981,Benllech,Anglesey,LL77 5QI,08105986354,huw.fychan@example.com
Nia,Rees,F,Ms,26/06/1961,Llandegfan,Conwy,LL77 6CZ,09187732845,nia.rees@example.com
Bryn,Fychan,M,Ms,02/11/1996,Llanfairpwllgwyngyll,Anglesey,LL77 6ZV,07972270366,bryn.fychan@example.com
Bryn,Thomas,F,Mrs,17/09/1981,Benllech,Gwynedd,LL77 9KM,07452990677,bryn.thomas@example.com
Ffion,Bevan,M,Mrs,06/10/1977,Beaumaris,Anglesey,LL77 6LA,09230116054,ffion.bevan@example.com
Megan,Glyn,F,Ms,12/12/1983,Llanbadrig,Conwy,LL77 4GF,07584629843,megan.glyn@example.com
Sian,Idris,F,Mrs,25/02/1987,Rhosneigr,Anglesey,LL77 8ZL,09888625007,sian.idris@example.com
Nia,Glyn,M,Mr,27/03/1987,Llanbadrig,Anglesey,LL77 6TE,09830648054,nia.glyn@example.com
Huw,Lloyd,F,Mrs,02/09/1981,Benllech,Conwy,LL77 7VA,07778825633,huw.lloyd@example.com
Katie,Price,F,Ms,12/12/1972,Holyhead,Anglesey,LL77 9DI,08016486444,katie.price@example.com
Huw,Rees,M,Mr,18/06/1995,Beaumaris,Gwynedd,LL77 1GT,07502650131,huw.rees@example.com
Wyn,Yorath,M,Ms,15/06/1995,Y Felinheli,Anglesey,LL77 8CZ,09044982638,wyn.yorath@example.com
Carys,Hedd,F,Dr,05/02/1965,Trearddur Bay,Conwy,LL77 7WL,08620434174,carys.hedd@example.com
Megan,Bevan,F,Ms,20/07/1965,Menai Bridge,Anglesey,LL77 2TZ,08766725513,megan.bevan@example.com
Dafydd,Thomas,F,Mr,15/12/1997,Newborough,Anglesey,LL77 9BF,09680537481,dafydd.thomas@example.com
Gareth,Glyn,F,Mrs,14/09/1967,Beaumaris,Conwy,LL77 3QT,08691137820,gareth.glyn@example.com
Owain,Morgan,F,Ms,01/09/1979,Gaerwen,Gwynedd,LL77 8TE,07920900760,owain.morgan@example.com
Megan,Jones,M,Ms,21/10/1996,Llanddona,Anglesey,LL77 7XB,09521408907,megan.jones@example.com
Katie,Thomas,F,Mr,08/05/1978,Newborough,Gwynedd,LL77 9LW,07051930381,katie.thomas@example.com
Carys,Fychan,F,Mr,08/08/1997,Llanfairpwllgwyngyll,Anglesey,LL77 6UQ,07582836488,carys.fychan@example.com
Sian,Hedd,F,Ms,13/08/2000,Holyhead,Anglesey,LL77 9SK,09596753848,sian.hedd@example.com
Huw,Yorath,M,Ms,02/12/1987,Amlwch,Gwynedd,LL77 6LF,08095263569,huw.yorath@example.com
Aled,Roberts,M,Ms,03/09/1961,Benllech,Conwy,LL77 2QN,07188981092,aled.roberts@example.com
Rhian,Yorath,M,Ms,06/10/1986,Valley,Gwynedd,LL77 1LH,08043328416,rhian.yorath@example.com
Gareth,Fychan,M,Mrs,28/03/1998,Gaerwen,Anglesey,LL77 9DS,09672943149,gareth.fychan@example.com
Sian,Rees,M,Mrs,05/10/1983,Holyhead,Gwynedd,LL77 8IK,07626502122,sian.rees@example.com
Urien,Idris,M,Mr,08/12/1974,Newborough,Anglesey,LL77 4TS,09550550035,urien.idris@example.com
Katie,Davies,M,Mr,09/06/1960,Benllech,Conwy,LL77 7JN,09980624949,katie.davies@example.com
Rhian,Owen,M,Mrs,24/10/1998,Llanbadrig,Gwynedd,LL77 2MJ,09866643902,rhian.owen@example.com
Jade,Yorath,F,Dr,20/06/1979,Llanfairpwllgwyngyll,Gwynedd,LL77 5JC,08733940776,jade.yorath@example.com
Urien,Edwards,M,Mrs,25/06/1962,Benllech,Conwy,LL77 2XH,08247573641,urien.edwards@example.com
Tegan,Williams,F,Ms,12/02/1971,Llanfairpwllgwyngyll,Conwy,LL77 9RZ,08782673995,tegan.williams@example.com
Owain,Davies,M,Mrs,03/04/1993,Llandegfan,Anglesey,LL77 8XY,07347154273,owain.davies@example.com
Carys,Nia,F,Mr,02/01/1991,Newborough,Gwynedd,LL77 4DM,08585402859,carys.nia@example.com
Megan,Glyn,F,Mrs,17/11/1984,Holyhead,Gwynedd,LL77 2JC,08763802236,megan.glyn@example.com
Rhian,Edwards,F,Mr,27/06/1963,Llanfairpwllgwyngyll,Anglesey,LL77 9OF,09034652367,rhian.edwards@example.com
Wyn,Morgan,F,Mr,01/11/1970,Holyhead,Gwynedd,LL77 2CI,09448242709,wyn.morgan@example.com
Dafydd,Walters,M,Dr,07/02/1994,Valley,Anglesey,LL77 2IM,08222324224,dafydd.walters@example.com
Carys,Price,M,Mrs,24/08/1991,Holyhead,Conwy,LL77 3EC,08994298942,carys.price@example.com
Carys,Roberts,F,Mr,08/11/1993,Llanerchymedd,Anglesey,LL77 2OH,09135663866,carys.roberts@example.com
Wyn,Thomas,M,Dr,15/05/2000,Cemaes,Gwynedd,LL77 7ZJ,08267439745,wyn.thomas@example.com
Dafydd,Lloyd,F,Dr,22/11/1973,Y Felinheli,Conwy,LL77 8MP,08955327703,dafydd.lloyd@example.com
Iwan,Glyn,F,Mr,22/01/1988,Llanbadrig,Anglesey,LL77 8GU,08800184876,iwan.glyn@example.com
Bryn,Roberts,F,Mrs,23/12/1994,Valley,Conwy,LL77 7XA,09015572901,bryn.roberts@example.com
Nia,Owen,F,Mr,07/06/1985,Amlwch,Conwy,LL77 7TC,07987462099,nia.owen@example.com
Owain,Price,M,Mrs,18/11/1971,Llandegfan,Conwy,LL77 7PW,09725965520,owain.price@example.com
Tegan,Edwards,F,Dr,09/11/1986,Pentraeth,Conwy,LL77 6ZU,09982655796,tegan.edwards@example.com
Iwan,Thomas,F,Mrs,02/08/1982,Newborough,Conwy,LL77 3JQ,07475674929,iwan.thomas@example.com
Katie,Jones,M,Dr,05/02/1978,Cemaes,Conwy,LL77 4XH,07529475440,katie.jones@example.com
Dafydd,Thomas,M,Mrs,12/03/1974,Llanerchymedd,Gwynedd,LL77 9KL,08454008405,dafydd.thomas@example.com
Jade,Morgan,M,Dr,12/09/1990,Y Felinheli,Gwynedd,LL77 5MI,08117971828,jade.morgan@example.com
Jade,Roberts,F,Mr,14/03/1994,Llanddona,Conwy,LL77 6HW,08723499380,jade.roberts@example.com
Ffion,Price,F,Mr,14/12/2000,Llanerchymedd,Gwynedd,LL77 9GU,07640651855,ffion.price@example.com
Owain,Thomas,F,Mrs,19/03/1980,Amlwch,Gwynedd,LL77 7ZM,07224812685,owain.thomas@example.com
Dafydd,Thomas,M,Mrs,05/01/1966,Llanfairpwllgwyngyll,Conwy,LL77 6BV,09047652666,dafydd.thomas@example.com
Dafydd,Glyn,M,Mr,21/05/1966,Cemaes,Anglesey,LL77 7EP,08374310070,dafydd.glyn@example.com
Sian,Jones,M,Mrs,01/02/1978,Holyhead,Conwy,LL77 5OT,07109621973,sian.jones@example.com
Aled,Edwards,F,Dr,12/11/1960,Moelfre,Anglesey,LL77 2OK,08097242018,aled.edwards@example.com
Rhian,Idris,M,Ms,19/02/1975,Llanddona,Gwynedd,LL77 9YT,08195968691,rhian.idris@example.com
Elin,Fychan,F,Dr,02/12/1967,Llanbadrig,Conwy,LL77 7AI,07622062817,elin.fychan@example.com
Aled,Thomas,F,Dr,14/01/1998,Beaumaris,Anglesey,LL77 2RC,08704785132,aled.thomas@example.com
Ffion,Bevan,M,Ms,26/07/2000,Moelfre,Conwy,LL77 7MU,08322607158,ffion.bevan@example.com
Jade,Hedd,F,Mrs,19/11/1985,Cemaes,Conwy,LL77 6UW,09669817435,jade.hedd@example.com
Urien,Morgan,M,Mr,25/05/1960,Llanerchymedd,Gwynedd,LL77 7BT,09662476570,urien.morgan@example.com
Sian,Lloyd,F,Mrs,13/11/1976,Y Felinheli,Anglesey,LL77 6ZJ,07247452101,sian.lloyd@example.com
Carys,Davies,M,Ms,20/01/1999,Y Felinheli,Anglesey,LL77 2JW,07082691218,carys.davies@example.com
Huw,Walters,M,Mr,14/06/1989,Llanfairpwllgwyngyll,Conwy,LL77 9TW,09858309408,huw.walters@example.com
Iwan,Ceri,F,Mr,16/03/1981,Trearddur Bay,Gwynedd,LL77 7MX,09316345505,iwan.ceri@example.com
Rhian,Fychan,M,Ms,20/02/1999,Newborough,Gwynedd,LL77 3EH,09680876626,rhian.fychan@example.com
Huw,Edwards,M,Mr,24/10/1960,Gaerwen,Conwy,LL77 9UX,07396211224,huw.edwards@example.com
Wyn,Rees,F,Mr,27/04/1998,Trearddur Bay,Gwynedd,LL77 8MO,07891093479,wyn.rees@example.com
Dafydd,Morgan,M,Mrs,21/03/1983,Beaumaris,Conwy,LL77 8ZM,09801118475,dafydd.morgan@example.com
Iwan,Price,F,Mr,12/02/1979,Beaumaris,Anglesey,LL77 4JR,08243857396,iwan.price@example.com
Iwan,Idris,F,Ms,22/11/1985,Llanfairpwllgwyngyll,Gwynedd,LL77 4ZJ,08173590191,iwan.idris@example.com
Owain,Owen,M,Ms,11/08/1961,Benllech,Anglesey,LL77 9DA,07551626120,owain.owen@example.com
Dafydd,Bevan,F,Ms,07/04/1996,Trearddur Bay,Gwynedd,LL77 7VF,07437929103,dafydd.bevan@example.com
Carys,Rees,M,Mrs,07/10/2000,Gaerwen,Anglesey,LL77 7KW,09668663380,carys.rees@example.com
Wyn,Price,M,Ms,28/04/1984,Llanbadrig,Anglesey,LL77 7DC,08917763721,wyn.price@example.com
Aled,Williams,M,Ms,05/05/1961,Llanfairpwllgwyngyll,Gwynedd,LL77 3SK,08398483003,aled.williams@example.com
Jade,Nia,F,Dr,28/07/1965,Llandegfan,Anglesey,LL77 8EY,07280950801,jade.nia@example.com
Carys,Lloyd,M,Mr,04/04/1976,Llanbadrig,Conwy,LL77 7SN,07342263874,carys.lloyd@example.com
Urien,Williams,M,Ms,17/11/1977,Gaerwen,Gwynedd,LL77 8SU,07804555018,urien.williams@example.com
Carys,Morgan,M,Dr,08/11/1993,Llandegfan,Anglesey,LL77 8GC,07544548380,carys.morgan@example.com
Rhian,Price,F,Dr,09/11/1994,Bodedern,Gwynedd,LL77 9HD,07543839568,rhian.price@example.com
Wyn,Lloyd,F,Ms,22/10/1974,Moelfre,Conwy,LL77 3RR,09460504987,wyn.lloyd@example.com
Tegan,Glyn,M,Mr,09/09/1965,Menai Bridge,Gwynedd,LL77 4YN,07704332122,tegan.glyn@example.com
Katie,Yorath,F,Dr,08/02/2000,Cemaes,Gwynedd,LL77 5UN,09789870803,katie.yorath@example.com
Tegan,Edwards,M,Ms,28/03/1991,Trearddur Bay,Conwy,LL77 5ED,07910966577,tegan.edwards@example.com
Urien,Thomas,M,Dr,08/02/1974,Rhosneigr,Conwy,LL77 5LP,08945960091,urien.thomas@example.com
Iwan,Owen,F,Mrs,19/04/1970,Llanerchymedd,Gwynedd,LL77 4ZC,08659431829,iwan.owen@example.com
Nia,Owen,M,Dr,13/06/1966,Llanddona,Gwynedd,LL77 8CN,09941484959,nia.owen@example.com
Tegan,Price,M,Mr,20/03/1978,Valley,Anglesey,LL77 3HB,08839171422,tegan.price@example.com
Iwan,Idris,F,Dr,14/12/1985,Gaerwen,Gwynedd,LL77 6JJ,09647612035,iwan.idris@example.com
Gareth,Williams,M,Dr,26/11/1983,Llanerchymedd,Conwy,LL77 1NL,09939909807,gareth.williams@example.com
Huw,Morgan,M,Dr,18/11/1992,Newborough,Conwy,LL77 8PC,07905644092,huw.morgan@example.com
Megan,Owen,M,Ms,07/08/1979,Menai Bridge,Anglesey,LL77 2SQ,08359706480,megan.owen@example.com
Aled,Bevan,M,Ms,24/12/1989,Valley,Conwy,LL77 8TX,09905422986,aled.bevan@example.com
Jade,Williams,F,Dr,17/03/1974,Llanbadrig,Gwynedd,LL77 7AQ,09495321587,jade.williams@example.com
Sian,Yorath,M,Mr,20/08/1975,Holyhead,Gwynedd,LL77 6RS,08962444551,sian.yorath@example.com
Owain,Walters,F,Ms,15/10/1974,Holyhead,Anglesey,LL77 4VI,07100037466,owain.walters@example.com
Rhian,Edwards,M,Dr,12/04/1965,Gaerwen,Gwynedd,LL77 3XP,07688251503,rhian.edwards@example.com
Sian,Hedd,M,Mr,10/01/1996,Llanfairpwllgwyngyll,Anglesey,LL77 6LY,07777007775,sian.hedd@example.com
Megan,Edwards,M,Dr,09/09/1972,Llanerchymedd,Gwynedd,LL77 2GD,07764161229,megan.edwards@example.com
Nia,Edwards,M,Mr,03/05/1976,Rhosneigr,Gwynedd,LL77 4UF,07894282050,nia.edwards@example.com
Katie,Bevan,M,Mrs,06/12/1991,Newborough,Conwy,LL77 6TS,09324218225,katie.bevan@example.com
Owain,Idris,F,Ms,18/09/1983,Llanfairpwllgwyngyll,Conwy,LL77 2FT,07406760595,owain.idris@example.com
Megan,Hedd,M,Dr,01/09/1960,Llanfairpwllgwyngyll,Gwynedd,LL77 5HB,09813219186,megan.hedd@example.com
Owain,Price,F,Ms,08/12/1983,Amlwch,Conwy,LL77 4EM,07567920000,owain.price@example.com
Huw,Thomas,F,Ms,04/04/1991,Y Felinheli,Anglesey,LL77 4YJ,09197450081,huw.thomas@example.com
Aled,Lloyd,M,Ms,20/05/1995,Llanerchymedd,Anglesey,LL77 1MY,08862332136,aled.lloyd@example.com
Carys,Walters,M,Mr,12/02/1991,Trearddur Bay,Gwynedd,LL77 3TF,08855453218,carys.walters@example.com
Wyn,Rees,M,Mr,14/12/1995,Llanerchymedd,Anglesey,LL77 5QE,09143026668,wyn.rees@example.com
Elin,Williams,M,Dr,10/04/1999,Holyhead,Conwy,LL77 8TM,08446638323,elin.williams@example.com
Aled,Yorath,F,Ms,10/03/1986,Menai Bridge,Conwy,LL77 7ZU,09244166340,aled.yorath@example.com
Nia,Rees,F,Dr,18/07/1964,Holyhead,Gwynedd,LL77 1MJ,07940432667,nia.rees@example.com
Megan,Rees,M,Mrs,22/06/1967,Trearddur Bay,Gwynedd,LL77 4BD,07041270210,megan.rees@example.com
Llion,Hedd,M,Ms,18/06/1972,Llanddona,Gwynedd,LL77 6GD,08988117265,llion.hedd@example.com
Urien,Lloyd,M,Dr,26/01/1985,Moelfre,Conwy,LL77 5NF,09500905603,urien.lloyd@example.com
Nia,Thomas,M,Mr,21/11/1991,Llandegfan,Anglesey,LL77 6ZY,08917511026,nia.thomas@example.com
Bryn,Yorath,M,Dr,07/07/1998,Moelfre,Gwynedd,LL77 8OX,08779379174,bryn.yorath@example.com
Aled,Lloyd,M,Mr,25/02/1983,Amlwch,Conwy,LL77 8XZ,08990326549,aled.lloyd@example.com
Iwan,Morgan,M,Dr,23/01/1966,Pentraeth,Anglesey,LL77 3PL,07280131752,iwan.morgan@example.com
Gareth,Rees,F,Mr,06/09/2000,Llandegfan,Gwynedd,LL77 9OS,08627217342,gareth.rees@example.com
Llion,Bevan,F,Mrs,26/08/1995,Beaumaris,Conwy,LL77 1EC,09880621023,llion.bevan@example.com
Bryn,Idris,M,Dr,18/12/1984,Valley,Gwynedd,LL77 4IX,07804387809,bryn.idris@example.com
Dafydd,Roberts,F,Mrs,09/11/1971,Llanddona,Gwynedd,LL77 5SQ,09786789691,dafydd.roberts@example.com
Gareth,Idris,M,Ms,03/05/1963,Trearddur Bay,Conwy,LL77 8HJ,08984191753,gareth.idris@example.com
Ffion,Bevan,F,Ms,18/02/1972,Trearddur Bay,Conwy,LL77 3BJ,09826429803,ffion.bevan@example.com
Gareth,Owen,M,Dr,27/06/1968,Llandegfan,Conwy,LL77 3LP,07542893767,gareth.owen@example.com
Gareth,Roberts,M,Ms,11/05/1991,Beaumaris,Conwy,LL77 8KT,09950441020,gareth.roberts@example.com
Ffion,Owen,M,Mr,17/09/1991,Y Felinheli,Anglesey,LL77 4CP,09356048349,ffion.owen@example.com
Nia,Nia,M,Mr,28/11/1960,Beaumaris,Conwy,LL77 3BN,09493231249,nia.nia@example.com
Owain,Glyn,M,Mrs,06/11/1994,Y Felinheli,Anglesey,LL77 3GI,09971783984,owain.glyn@example.com
Megan,Ceri,M,Mrs,19/02/1998,Llanerchymedd,Anglesey,LL77 5RA,07425243283,megan.ceri@example.com
Sian,Yorath,F,Ms,22/11/1966,Cemaes,Anglesey,LL77 4GH,08075171770,sian.yorath@example.com
Llion,Edwards,M,Ms,15/12/1999,Y Felinheli,Conwy,LL77 5SE,08199582911,llion.edwards@example.com
Urien,Rees,M,Dr,17/01/1981,Llanerchymedd,Conwy,LL77 2CQ,07362035391,urien.rees@example.com
Urien,Davies,M,Ms,19/03/2000,Trearddur Bay,Gwynedd,LL77 3VH,08701449236,urien.davies@example.com
Katie,Glyn,F,Dr,06/05/1982,Beaumaris,Gwynedd,LL77 4YX,09078372506,katie.glyn@example.com
Aled,Roberts,M,Mr,01/03/1986,Newborough,Gwynedd,LL77 9KE,09345970496,aled.roberts@example.com
Carys,Owen,F,Dr,15/03/1989,Cemaes,Gwynedd,LL77 5WU,08023823812,carys.owen@example.com
Sian,Yorath,F,Ms,28/06/1976,Llanerchymedd,Conwy,LL77 1OH,08650319235,sian.yorath@example.com
Gareth,Davies,M,Mr,19/09/1966,Gaerwen,Anglesey,LL77 1LS,08056142700,gareth.davies@example.com
Elin,Rees,M,Mrs,24/06/1994,Llanddona,Conwy,LL77 7ZT,07666042724,elin.rees@example.com
Carys,Nia,M,Mr,02/09/1982,Bodedern,Conwy,LL77 6QI,09082904220,carys.nia@example.com
Elin,Hedd,F,Dr,16/03/1990,Y Felinheli,Anglesey,LL77 1RH,09605671305,elin.hedd@example.com
Huw,Edwards,F,Mr,25/10/1998,Cemaes,Anglesey,LL77 2BM,07505490443,huw.edwards@example.com
Huw,Price,F,Dr,17/11/1976,Moelfre,Conwy,LL77 1LS,09783975672,huw.price@example.com
Dafydd,Price,F,Ms,17/10/1985,Cemaes,Conwy,LL77 8FB,07601338013,dafydd.price@example.com
Wyn,Fychan,F,Ms,06/11/1968,Llanbadrig,Gwynedd,LL77 4IQ,08242224061,wyn.fychan@example.com
Bryn,Fychan,M,Mrs,14/01/1992,Trearddur Bay,Conwy,LL77 7CG,08476870115,bryn.fychan@example.com
Ffion,Edwards,M,Mr,25/05/1996,Cemaes,Gwynedd,LL77 6QT,08301769995,ffion.edwards@example.com
Elin,Roberts,M,Mrs,20/10/1981,Llanbadrig,Gwynedd,LL77 4IT,07275179710,elin.roberts@example.com
Rhian,Hedd,M,Ms,28/10/1997,Benllech,Anglesey,LL77 6NK,07622381091,rhian.hedd@example.com
Bryn,Nia,F,Ms,01/07/1994,Y Felinheli,Gwynedd,LL77 4ZD,08482286419,bryn.nia@example.com
Dafydd,Roberts,F,Ms,09/04/1972,Bodedern,Gwynedd,LL77 9ZZ,08108364051,dafydd.roberts@example.com
Owain,Price,M,Mrs,12/09/1965,Menai Bridge,Conwy,LL77 9DI,09663536690,owain.price@example.com
Aled,Thomas,F,Mrs,20/05/1965,Valley,Conwy,LL77 7AX,07807653481,aled.thomas@example.com
Llion,Lloyd,F,Dr,06/07/1969,Y Felinheli,Gwynedd,LL77 9II,07451886631,llion.lloyd@example.com
Urien,Edwards,M,Ms,08/06/1992,Gaerwen,Gwynedd,LL77 1NX,09828574060,urien.edwards@example.com
Rhian,Jones,F,Mr,24/12/1983,Llanbadrig,Gwynedd,LL77 7ZX,09882461601,rhian.jones@example.com
Ffion,Fychan,M,Dr,24/10/1966,Cemaes,Anglesey,LL77 7JF,08728253619,ffion.fychan@example.com
Owain,Lloyd,F,Dr,09/03/1990,Llandegfan,Gwynedd,LL77 8TU,07757228079,owain.lloyd@example.com
Huw,Nia,F,Ms,27/06/1965,Llanbadrig,Conwy,LL77 5VN,08531067295,huw.nia@example.com
Wyn,Bevan,M,Mr,26/04/1973,Moelfre,Anglesey,LL77 4OA,09528916449,wyn.bevan@example.com
Katie,Owen,M,Mrs,24/08/1994,Cemaes,Conwy,LL77 9IG,07748981852,katie.owen@example.com
Elin,Rees,F,Ms,02/07/1964,Valley,Conwy,LL77 3AY,07144631358,elin.rees@example.com
Katie,Roberts,F,Mrs,26/01/1993,Llanbadrig,Conwy,LL77 3TV,08667302294,katie.roberts@example.com
Nia,Ceri,M,Mr,26/06/1978,Llanerchymedd,Anglesey,LL77 3TX,09311173979,nia.ceri@example.com
Iwan,Yorath,M,Mrs,18/08/1963,Moelfre,Anglesey,LL77 3VL,07289880303,iwan.yorath@example.com
Sian,Idris,F,Mr,16/10/1966,Llanfairpwllgwyngyll,Anglesey,LL77 7XW,07151500820,sian.idris@example.com
Carys,Edwards,F,Ms,08/10/1987,Llanerchymedd,Conwy,LL77 6UF,07949154648,carys.edwards@example.com
Jade,Glyn,F,Ms,14/02/1979,Amlwch,Anglesey,LL77 3HC,07780984541,jade.glyn@example.com
Katie,Yorath,F,Dr,05/08/1982,Bodedern,Conwy,LL77 2CM,09936770702,katie.yorath@example.com
Urien,Morgan,M,Dr,13/05/1990,Amlwch,Gwynedd,LL77 8UX,08895194894,urien.morgan@example.com
Dafydd,Lloyd,F,Mr,11/05/1995,Menai Bridge,Anglesey,LL77 5AO,08887507521,dafydd.lloyd@example.com
Nia,Rees,M,Dr,02/02/1988,Trearddur Bay,Gwynedd,LL77 7CF,08234448399,nia.rees@example.com
Elin,Lloyd,F,Dr,22/07/1985,Trearddur Bay,Anglesey,LL77 6EQ,09566389089,elin.lloyd@example.com
Llion,Edwards,M,Mrs,15/06/1992,Beaumaris,Conwy,LL77 5OV,08992767523,llion.edwards@example.com
Katie,Bevan,M,Mrs,19/04/1969,Y Felinheli,Gwynedd,LL77 1CI,09809720366,katie.bevan@example.com
Jade,Roberts,M,Ms,17/01/1961,Holyhead,Gwynedd,LL77 3MO,07376454818,jade.roberts@example.com
Urien,Williams,M,Ms,26/02/1987,Trearddur Bay,Gwynedd,LL77 9MR,08475999132,urien.williams@example.com
Dafydd,Jones,M,Mrs,23/04/1992,Pentraeth,Anglesey,LL77 3KB,09935214198,dafydd.jones@example.com
Aled,Nia,F,Mrs,22/11/1995,Benllech,Conwy,LL77 7TI,09398600220,aled.nia@example.com
Tegan,Morgan,F,Ms,26/06/1961,Llanerchymedd,Conwy,LL77 9LR,09141918984,tegan.morgan@example.com
Megan,Owen,F,Mrs,03/09/1988,Trearddur Bay,Conwy,LL77 6JX,08694538382,megan.owen@example.com
Nia,Ceri,F,Mr,22/12/1969,Valley,Conwy,LL77 4TU,08189436739,nia.ceri@example.com
Sian,Lloyd,F,Ms,13/01/1982,Pentraeth,Gwynedd,LL77 2DQ,09697740202,sian.lloyd@example.com
Dafydd,Davies,M,Ms,02/06/1960,Moelfre,Conwy,LL77 6KF,09566500091,dafydd.davies@example.com
Katie,Walters,M,Mr,26/10/1971,Llanfairpwllgwyngyll,Conwy,LL77 5RN,07383923871,katie.walters@example.com
Dafydd,Rees,M,Mr,14/11/1993,Llanfairpwllgwyngyll,Conwy,LL77 7OD,08839089302,dafydd.rees@example.com
Carys,Edwards,M,Mrs,12/11/1970,Amlwch,Conwy,LL77 1WU,08053280942,carys.edwards@example.com
Iwan,Nia,M,Dr,21/07/1995,Llanfairpwllgwyngyll,Gwynedd,LL77 4EX,07127098514,iwan.nia@example.com
Jade,Rees,F,Dr,05/11/1994,Beaumaris,Gwynedd,LL77 3VY,09172819884,jade.rees@example.com
Megan,Bevan,F,Dr,09/06/1992,Gaerwen,Gwynedd,LL77 3FK,08005575365,megan.bevan@example.com
Ffion,Jones,F,Mr,11/04/1991,Cemaes,Anglesey,LL77 1AW,08975859785,ffion.jones@example.com
Bryn,Morgan,F,Ms,01/12/1975,Amlwch,Conwy,LL77 3MV,07703901544,bryn.morgan@example.com
Owain,Jones,M,Mr,11/09/1974,Amlwch,Gwynedd,LL77 6UF,08189312796,owain.jones@example.com
Sian,Nia,M,Mrs,07/04/1993,Valley,Gwynedd,LL77 1WW,08223179778,sian.nia@example.com
Bryn,Thomas,M,Mrs,21/01/1962,Llandegfan,Conwy,LL77 2EA,09858538176,bryn.thomas@example.com
