username,password,forename,surname,sex,title,birthdate,town,county,postcode,phone_num,guardian_phone_num,email
Nia796,P@ssw0rd779,Zara,Price,M,Ms,12/01/1994,Amlwch,Gwynedd,LL77 9FU,07887249030,07752037981,zara.price@example.com
Owain709,P@ssw0rd423,Dyfan,Ceredig,M,Mr,04/08/1971,Beaumaris,Conwy,LL77 4NJ,09717907965,08956952449,dyfan.ceredig@example.com
Urien252,P@ssw0rd732,Dyfan,Iorwerth,F,Ms,07/11/1987,Amlwch,Anglesey,LL77 5JA,07256879653,09220028415,dyfan.iorwerth@example.com
Wyn102,P@ssw0rd104,Ynyr,Ceredig,M,Ms,20/08/1965,Benllech,Gwynedd,LL77 5PJ,08665125031,08214618655,ynyr.ceredig@example.com
Tegan362,P@ssw0rd192,Mabon,Ap Dafydd,M,Mrs,12/06/1999,Rhosneigr,Anglesey,LL77 0EF,07588045460,09025774680,mabon.ap dafydd@example.com
Dyfan977,P@ssw0rd479,Zara,Morgan,M,Mr,24/08/1979,Amlwch,Gwynedd,LL77 3XE,07439408087,07480279446,zara.morgan@example.com
Dyfan783,P@ssw0rd510,Tegan,Owen,M,Mrs,10/11/1994,Benllech,Conwy,LL77 0BA,07966168219,09535245871,tegan.owen@example.com
Wyn534,P@ssw0rd456,Mabon,Roberts,M,Mr,25/11/1998,Pentraeth,Gwynedd,LL77 1JD,07245715119,07900323259,mabon.roberts@example.com
Gethin602,P@ssw0rd230,Rhian,Davies,F,Mrs,13/01/1964,Llanfairpwllgwyngyll,Anglesey,LL77 0AY,09908306663,07402438589,rhian.davies@example.com
Nia725,P@ssw0rd632,Aneirin,Bevan,M,Ms,23/11/1984,Holyhead,Gwynedd,LL77 3WE,07960554965,08817187981,aneirin.bevan@example.com
Eira472,P@ssw0rd120,Urien,Khan,F,Ms,27/11/2000,Rhosneigr,Anglesey,LL77 8LU,07213510152,07019367446,urien.khan@example.com
Rhian109,P@ssw0rd747,Rhian,Griffiths,F,Mrs,20/10/1964,Pentraeth,Gwynedd,LL77 3QS,07886482597,07200478617,rhian.griffiths@example.com
Branwen810,P@ssw0rd958,Rhian,Jenkins,F,Miss,08/07/1970,Holyhead,Conwy,LL77 4FC,08008452777,09759945272,rhian.jenkins@example.com
Zara236,P@ssw0rd596,Ynyr,Edwards,F,Ms,14/09/1978,Llangefni,Gwynedd,LL77 8NP,07011512028,09655472359,ynyr.edwards@example.com
Eira458,P@ssw0rd197,Tegan,Davies,F,Ms,06/06/1979,Holyhead,Anglesey,LL77 0GP,09592526050,07561207345,tegan.davies@example.com
Eira700,P@ssw0rd519,Owain,Ap Dafydd,F,Miss,05/03/1996,Menai Bridge,Conwy,LL77 8GA,07640919349,08606121750,owain.ap dafydd@example.com
Eira431,P@ssw0rd496,Zara,Williams,F,Mrs,19/06/1980,Rhosneigr,Anglesey,LL77 1QH,08931268472,08878396007,zara.williams@example.com
Wyn384,P@ssw0rd440,Eira,Stephens,F,Mrs,15/02/1978,Beaumaris,Gwynedd,LL77 4GW,09683420350,07989423565,eira.stephens@example.com
Nia534,P@ssw0rd220,Llio,Ap Dafydd,F,Mr,12/11/1970,Menai Bridge,Anglesey,LL77 0TA,07210240332,09165379424,llio.ap dafydd@example.com
Owain742,P@ssw0rd131,Dyfan,Ap Dafydd,M,Mrs,07/07/2000,Rhosneigr,Conwy,LL77 9AB,07015246124,09632145870,dyfan.ap dafydd@example.com
Owain914,P@ssw0rd458,Llio,Edwards,F,Ms,28/04/1985,Holyhead,Gwynedd,LL77 3JA,08710091392,07940423019,llio.edwards@example.com
Nia896,P@ssw0rd212,Sioned,Morgan,F,Miss,25/08/1975,Rhosneigr,Gwynedd,LL77 1SL,07117754418,07222874166,sioned.morgan@example.com
Urien265,P@ssw0rd989,Llio,Neville,F,Miss,15/07/1986,Beaumaris,Anglesey,LL77 3JQ,09470281772,09717377237,llio.neville@example.com
Dyfan960,P@ssw0rd180,Wyn,Ceredig,F,Miss,10/02/1988,Llanfairpwllgwyngyll,Gwynedd,LL77 4GC,08879676921,07766302113,wyn.ceredig@example.com
Nia551,P@ssw0rd861,Branwen,Lloyd,M,Ms,01/06/1992,Rhosneigr,Anglesey,LL77 1JP,09642623062,07403773747,branwen.lloyd@example.com
Llio220,P@ssw0rd769,Gethin,Thomas,F,Mr,16/05/1994,Holyhead,Conwy,LL77 8YQ,07619621539,08273797403,gethin.thomas@example.com
Owain272,P@ssw0rd701,Ffion,Ap Dafydd,M,Miss,16/04/1972,Pentraeth,Conwy,LL77 7SS,08226103148,08692860169,ffion.ap dafydd@example.com
Eira927,P@ssw0rd872,Owain,Edwards,M,Ms,04/03/1997,Llanfairpwllgwyngyll,Anglesey,LL77 8BY,09095585877,07824893571,owain.edwards@example.com
Tegan339,P@ssw0rd273,Nia,Williams,F,Mr,09/06/1969,Benllech,Gwynedd,LL77 9DX,09067425183,07386056321,nia.williams@example.com
Branwen410,P@ssw0rd321,Mabon,Williams,M,Mrs,28/06/1963,Llanfairpwllgwyngyll,Anglesey,LL77 4NG,08037645241,08172387177,mabon.williams@example.com
Wyn650,P@ssw0rd584,Wyn,Khan,F,Ms,11/08/1968,Llangefni,Gwynedd,LL77 2RN,08182029297,09969364482,wyn.khan@example.com
Mabon697,P@ssw0rd104,Nia,Howells,F,Mrs,20/01/1969,Pentraeth,Conwy,LL77 8GL,07339685845,09775351385,nia.howells@example.com
Haf856,P@ssw0rd542,Zara,Roberts,M,Mrs,24/10/1997,Holyhead,Conwy,LL77 5SP,07144762627,07204052144,zara.roberts@example.com
Nia642,P@ssw0rd418,Ffion,Williams,F,Ms,05/12/1972,Gaerwen,Conwy,LL77 9WN,07014316145,07303799591,ffion.williams@example.com
Zara512,P@ssw0rd453,Owain,Howells,M,Mrs,12/08/1992,Pentraeth,Anglesey,LL77 9YG,09894818513,08217751367,owain.howells@example.com
Zara655,P@ssw0rd782,Zara,Roberts,F,Mr,20/02/1962,Benllech,Conwy,LL77 7XE,07784628658,07657946040,zara.roberts@example.com
Aneirin577,P@ssw0rd208,Llio,Davies,M,Miss,22/08/1961,Llangefni,Gwynedd,LL77 6ET,08463185346,09611187326,llio.davies@example.com
Zara294,P@ssw0rd708,Branwen,Neville,M,Mr,01/02/1983,Llangefni,Anglesey,LL77 9DW,08399170767,08321101759,branwen.neville@example.com
Zara748,P@ssw0rd454,Iestyn,Griffiths,M,Mrs,10/01/1974,Gaerwen,Anglesey,LL77 9TU,09486163721,07495910962,iestyn.griffiths@example.com
Tegan930,P@ssw0rd809,Haf,Neville,F,Mr,21/07/1979,Gaerwen,Anglesey,LL77 8FC,09878508719,09855176578,haf.neville@example.com
Sioned220,P@ssw0rd699,Sioned,Thomas,F,Ms,03/06/1998,Pentraeth,Gwynedd,LL77 4UQ,07324644028,08984438087,sioned.thomas@example.com
Ynyr344,P@ssw0rd402,Rhian,Griffiths,M,Miss,04/02/1977,Menai Bridge,Conwy,LL77 4JH,09129118042,08543122738,rhian.griffiths@example.com
Wyn371,P@ssw0rd746,Zara,Jenkins,F,Miss,22/12/1966,Llanfairpwllgwyngyll,Gwynedd,LL77 8XW,07583261080,07766418412,zara.jenkins@example.com
Ynyr303,P@ssw0rd596,Wyn,Roberts,F,Mrs,26/05/1976,Amlwch,Gwynedd,LL77 4JJ,07233194355,08407332488,wyn.roberts@example.com
Wyn536,P@ssw0rd641,Eira,Iorwerth,M,Miss,10/07/1993,Llanfairpwllgwyngyll,Gwynedd,LL77 6SU,08152021357,08560460680,eira.iorwerth@example.com
Mabon367,P@ssw0rd233,Ffion,Roberts,F,Mr,23/04/1980,Gaerwen,Anglesey,LL77 0XD,07997660136,09936019561,ffion.roberts@example.com
Gethin201,P@ssw0rd989,Nia,Bevan,M,Mrs,23/03/1978,Holyhead,Conwy,LL77 0YT,07557705036,07000939891,nia.bevan@example.com
Ffion767,P@ssw0rd950,Sioned,Griffiths,F,Ms,18/11/1973,Holyhead,Anglesey,LL77 8TD,09066302263,07667079103,sioned.griffiths@example.com
Wyn303,P@ssw0rd674,Aneirin,Bevan,M,Mr,05/03/1969,Llanfairpwllgwyngyll,Anglesey,LL77 4SU,08076585316,07140340424,aneirin.bevan@example.com
Tegan948,P@ssw0rd611,Wyn,Owen,M,Ms,27/09/1987,Gaerwen,Anglesey,LL77 7CA,09429716418,07432770780,wyn.owen@example.com
Dyfan240,P@ssw0rd133,Eira,Thomas,F,Mr,11/02/1975,Gaerwen,Conwy,LL77 3CY,09249122733,09618040165,eira.thomas@example.com
Ynyr335,P@ssw0rd605,Tegan,Fychan,F,Ms,10/03/1960,Menai Bridge,Anglesey,LL77 4RE,09953903335,08580652047,tegan.fychan@example.com
Ynyr372,P@ssw0rd626,Branwen,Williams,F,Mr,06/12/1996,Llanfairpwllgwyngyll,Gwynedd,LL77 7AU,08201849469,09695442858,branwen.williams@example.com
Ynyr579,P@ssw0rd675,Gethin,Owen,F,Ms,02/03/1993,Amlwch,Gwynedd,LL77 7HR,07559734672,08450292309,gethin.owen@example.com
Cadell438,P@ssw0rd283,Llio,Howells,M,Mr,21/11/1998,Amlwch,Gwynedd,LL77 3DE,09187042589,07304422918,llio.howells@example.com
Branwen773,P@ssw0rd764,Mabon,Iorwerth,M,Mrs,01/03/1969,Holyhead,Anglesey,LL77 5WA,07611578177,09131333921,mabon.iorwerth@example.com
Haf365,P@ssw0rd314,Dyfan,Owen,M,Mrs,06/09/1984,Benllech,Conwy,LL77 8LD,08771158402,09341266201,dyfan.owen@example.com
Llio210,P@ssw0rd684,Urien,Thomas,M,Miss,07/01/1996,Pentraeth,Conwy,LL77 7RY,07376611689,09894319716,urien.thomas@example.com
Cadell461,P@ssw0rd425,Ffion,Khan,F,Mrs,09/01/1996,Llanfairpwllgwyngyll,Anglesey,LL77 4UX,07023935765,07984050177,ffion.khan@example.com
Dyfan901,P@ssw0rd743,Haf,Price,M,Mrs,18/04/2000,Llangefni,Conwy,LL77 8FX,08813382451,09617263634,haf.price@example.com
Urien235,P@ssw0rd253,Eira,Owen,F,Mrs,13/10/1968,Rhosneigr,Gwynedd,LL77 7DE,09087687635,07554717345,eira.owen@example.com
Haf271,P@ssw0rd360,Gethin,Ap Dafydd,M,Miss,02/09/1980,Llanfairpwllgwyngyll,Gwynedd,LL77 3QC,08640133587,08780028917,gethin.ap dafydd@example.com
Ffion282,P@ssw0rd764,Gethin,Ap Dafydd,M,Mrs,08/04/2000,Menai Bridge,Anglesey,LL77 7EX,07243708607,07736574480,gethin.ap dafydd@example.com
Owain813,P@ssw0rd997,Owain,Edwards,F,Ms,15/03/1971,Amlwch,Anglesey,LL77 7QH,08450756680,09038322666,owain.edwards@example.com
Cadell895,P@ssw0rd213,Owain,Stephens,M,Mrs,28/11/1987,Holyhead,Anglesey,LL77 1JH,09758944457,09688860404,owain.stephens@example.com
Haf183,P@ssw0rd907,Branwen,Roberts,M,Ms,26/01/1968,Menai Bridge,Conwy,LL77 1RN,09954928766,07459119510,branwen.roberts@example.com
Cadell498,P@ssw0rd908,Cadell,Khan,M,Mrs,06/10/1995,Rhosneigr,Anglesey,LL77 7CJ,08270644451,08401309865,cadell.khan@example.com
Tegan238,P@ssw0rd606,Wyn,Morgan,F,Ms,27/01/1989,Gaerwen,Conwy,LL77 5US,08460545667,09290297461,wyn.morgan@example.com
Zara142,P@ssw0rd158,Owain,Neville,M,Mr,13/02/1967,Pentraeth,Conwy,LL77 9WB,07053336231,09357162428,owain.neville@example.com
Sioned921,P@ssw0rd122,Iestyn,Davies,M,Miss,13/06/1964,Llanfairpwllgwyngyll,Conwy,LL77 1TU,09601024255,09906999485,iestyn.davies@example.com
Tegan618,P@ssw0rd461,Cadell,Owen,M,Ms,06/07/1999,Holyhead,Gwynedd,LL77 9XX,09152711794,09869771742,cadell.owen@example.com
Nia556,P@ssw0rd145,Rhian,Neville,F,Miss,13/05/1987,Beaumaris,Anglesey,LL77 7LT,07927914408,08620581834,rhian.neville@example.com
Haf889,P@ssw0rd941,Wyn,Williams,F,Mrs,07/03/1966,Menai Bridge,Anglesey,LL77 1GA,09894047644,08809096852,wyn.williams@example.com
Ynyr758,P@ssw0rd469,Llio,Roberts,M,Mr,26/07/1999,Llanfairpwllgwyngyll,Conwy,LL77 9GR,09721935105,09136017243,llio.roberts@example.com
Aneirin208,P@ssw0rd187,Tegan,Howells,F,Mrs,04/02/1993,Menai Bridge,Gwynedd,LL77 4NC,08764744465,08748780521,tegan.howells@example.com
Cadell665,P@ssw0rd892,Ffion,Bevan,F,Mrs,14/08/1998,Amlwch,Conwy,LL77 1AT,08069439925,09077155446,ffion.bevan@example.com
Mabon647,P@ssw0rd699,Sioned,Stephens,M,Mrs,13/02/1977,Menai Bridge,Anglesey,LL77 1FH,07012122588,09850363832,sioned.stephens@example.com
Rhian281,P@ssw0rd520,Wyn,Thomas,M,Mrs,25/04/1999,Gaerwen,Anglesey,LL77 2TF,09530655707,09701609238,wyn.thomas@example.com
Wyn800,P@ssw0rd926,Mabon,Ceredig,F,Mrs,24/09/1974,Holyhead,Conwy,LL77 8YS,08414391683,09852883658,mabon.ceredig@example.com
Zara467,P@ssw0rd760,Sioned,Jenkins,M,Mr,03/03/1999,Llanfairpwllgwyngyll,Anglesey,LL77 4GY,08758121550,08998527846,sioned.jenkins@example.com
Sioned336,P@ssw0rd903,Aneirin,Howells,F,Ms,03/10/1979,Rhosneigr,Conwy,LL77 1GU,07887033660,09358219929,aneirin.howells@example.com
Urien477,P@ssw0rd823,Owain,Fychan,M,Ms,07/10/1969,Holyhead,Conwy,LL77 8EX,07287520695,08290174734,owain.fychan@example.com
Eira543,P@ssw0rd425,Iestyn,Thomas,M,Ms,08/11/1961,Llanfairpwllgwyngyll,Anglesey,LL77 5PD,07496413621,09620085950,iestyn.thomas@example.com
Urien657,P@ssw0rd144,Sioned,Owen,M,Mrs,05/03/1975,Pentraeth,Conwy,LL77 4UY,08781859449,08866195227,sioned.owen@example.com
Nia750,P@ssw0rd941,Mabon,Owen,M,Ms,06/05/1960,Pentraeth,Gwynedd,LL77 4EQ,07815160718,07145736467,mabon.owen@example.com
Iestyn297,P@ssw0rd648,Zara,Roberts,M,Mr,24/09/1993,Menai Bridge,Conwy,LL77 8NH,09175827070,07717470393,zara.roberts@example.com
Aneirin488,P@ssw0rd852,Haf,Neville,M,Mr,25/01/1974,Amlwch,Conwy,LL77 5UJ,07006788188,09201890349,haf.neville@example.com
Llio719,P@ssw0rd287,Branwen,Williams,F,Mrs,11/04/1990,Gaerwen,Gwynedd,LL77 1HP,08494923168,09650119885,branwen.williams@example.com
Nia924,P@ssw0rd471,Owain,Ap Dafydd,M,Ms,08/06/1988,Benllech,Gwynedd,LL77 7WC,09957264640,08260642401,owain.ap dafydd@example.com
Rhian962,P@ssw0rd723,Rhian,Khan,M,Mr,23/04/1968,Pentraeth,Gwynedd,LL77 9GW,08435051931,07963893634,rhian.khan@example.com
Aneirin613,P@ssw0rd704,Gethin,Edwards,F,Ms,01/10/1979,Llanfairpwllgwyngyll,Gwynedd,LL77 3EB,08002569909,08051312808,gethin.edwards@example.com
Branwen916,P@ssw0rd264,Ynyr,Lloyd,F,Ms,04/12/1984,Pentraeth,Gwynedd,LL77 3HQ,07330643281,09231738956,ynyr.lloyd@example.com
Tegan565,P@ssw0rd181,Ffion,Howells,F,Miss,25/11/1999,Llanfairpwllgwyngyll,Anglesey,LL77 3ND,07665723802,08583945880,ffion.howells@example.com
Mabon419,P@ssw0rd781,Owain,Davies,F,Mr,18/08/1980,Beaumaris,Gwynedd,LL77 2EY,07079416026,08832044926,owain.davies@example.com
Dyfan526,P@ssw0rd523,Urien,Bevan,M,Miss,08/01/1963,Llangefni,Anglesey,LL77 7AP,07130581866,09297330708,urien.bevan@example.com
Eira498,P@ssw0rd349,Llio,Jenkins,F,Mrs,22/10/1993,Llanfairpwllgwyngyll,Conwy,LL77 0LR,07464176780,09157936343,llio.jenkins@example.com
Urien626,P@ssw0rd211,Owain,Roberts,F,Mrs,14/10/1965,Llangefni,Anglesey,LL77 7PF,09825413725,08925440584,owain.roberts@example.com
Gethin330,P@ssw0rd128,Sioned,Howells,M,Miss,23/09/1970,Rhosneigr,Conwy,LL77 9PS,08845379137,07583626499,sioned.howells@example.com
Haf626,P@ssw0rd203,Tegan,Lloyd,M,Mrs,11/10/1990,Llangefni,Conwy,LL77 8TA,09326564831,09951928476,tegan.lloyd@example.com
Ffion232,P@ssw0rd110,Gethin,Neville,M,Miss,25/08/1978,Llanfairpwllgwyngyll,Anglesey,LL77 7DB,08119459012,09620554275,gethin.neville@example.com
Rhian552,P@ssw0rd897,Branwen,Thomas,M,Mr,10/06/1972,Beaumaris,Anglesey,LL77 4SR,09437351588,09658236668,branwen.thomas@example.com
Gethin339,P@ssw0rd733,Cadell,Iorwerth,M,Miss,17/01/1996,Llangefni,Anglesey,LL77 9UR,07137182081,07188336099,cadell.iorwerth@example.com
Haf188,P@ssw0rd334,Eira,Davies,F,Mr,02/06/1973,Menai Bridge,Gwynedd,LL77 7AY,09976900732,07083061010,eira.davies@example.com
Owain828,P@ssw0rd863,Zara,Morgan,F,Mrs,17/05/1989,Beaumaris,Conwy,LL77 8FH,09243275665,07774638876,zara.morgan@example.com
Ffion853,P@ssw0rd216,Wyn,Fychan,F,Miss,06/01/1987,Rhosneigr,Conwy,LL77 7TC,08145655809,07276715179,wyn.fychan@example.com
Aneirin621,P@ssw0rd886,Dyfan,Williams,M,Ms,20/10/1966,Pentraeth,Conwy,LL77 1AA,07396516318,07403030303,dyfan.williams@example.com
Llio458,P@ssw0rd891,Iestyn,Ceredig,F,Mrs,14/07/1988,Benllech,Gwynedd,LL77 1GL,08067153972,09338227479,iestyn.ceredig@example.com
Cadell571,P@ssw0rd355,Nia,Ceredig,F,Mr,11/02/1994,Llanfairpwllgwyngyll,Anglesey,LL77 5CN,09853054444,07832217251,nia.ceredig@example.com
Llio854,P@ssw0rd649,Dyfan,Jenkins,M,Mrs,17/11/1961,Llanfairpwllgwyngyll,Anglesey,LL77 1RS,08685361171,08388994016,dyfan.jenkins@example.com
Urien145,P@ssw0rd986,Zara,Edwards,M,Miss,17/10/1981,Rhosneigr,Gwynedd,LL77 1HQ,09809888949,07771514085,zara.edwards@example.com
Ynyr405,P@ssw0rd533,Urien,Neville,F,Mr,27/11/1987,Llanfairpwllgwyngyll,Anglesey,LL77 2TY,07651679721,07298816365,urien.neville@example.com
Branwen996,P@ssw0rd831,Iestyn,Edwards,M,Mr,24/02/1970,Benllech,Conwy,LL77 8HW,09766446378,07455037387,iestyn.edwards@example.com
Iestyn883,P@ssw0rd395,Sioned,Fychan,F,Mrs,20/10/1968,Menai Bridge,Conwy,LL77 7YX,08227881157,07961105726,sioned.fychan@example.com
Owain894,P@ssw0rd774,Wyn,Khan,M,Mrs,14/12/1979,Benllech,Conwy,LL77 6GB,07388626420,07581736472,wyn.khan@example.com
Zara388,P@ssw0rd578,Mabon,Davies,M,Ms,08/07/1973,Amlwch,Conwy,LL77 4ES,08568765065,09717435170,mabon.davies@example.com
Rhian314,P@ssw0rd549,Eira,Bevan,F,Miss,06/10/1970,Holyhead,Gwynedd,LL77 0PU,08468428940,08953543095,eira.bevan@example.com
Gethin452,P@ssw0rd740,Sioned,Roberts,M,Mrs,27/04/1981,Amlwch,Anglesey,LL77 1JN,07795269051,07136366475,sioned.roberts@example.com
Owain631,P@ssw0rd456,Ynyr,Owen,F,Miss,15/01/1998,Menai Bridge,Gwynedd,LL77 3GU,09714469037,09277646272,ynyr.owen@example.com
Ynyr440,P@ssw0rd686,Haf,Fychan,M,Ms,06/02/1994,Llangefni,Anglesey,LL77 4UB,09186386188,09508329676,haf.fychan@example.com
Ynyr246,P@ssw0rd510,Tegan,Stephens,F,Ms,01/02/1991,Holyhead,Anglesey,LL77 5EX,09477263255,09831100346,tegan.stephens@example.com
